price,area,bedrooms,bathrooms,stories,mainroad,guestroom,basement,hotwaterheating,airconditioning,parking,prefarea,furnishingstatus,age,dist_city_center_km
3958000,6593,3,1,2,yes,no,no,no,yes,0,no,furnished,0.0,2.8
4071000,5196,4,2,3,yes,no,no,no,no,1,no,furnished,6.0,1.1
3819000,6925,2,1,2,yes,yes,yes,no,yes,0,yes,semi-furnished,28.0,13.1
4371000,8851,4,2,1,yes,yes,no,no,no,2,no,unfurnished,3.0,0.3
3768000,4985,4,2,1,yes,yes,no,no,yes,2,no,unfurnished,3.0,3.0
3410000,4985,2,2,2,no,no,no,yes,yes,0,no,unfurnished,42.0,1.5
4824000,8974,3,1,1,yes,no,no,no,no,1,no,semi-furnished,0.0,7.1
4216000,7188,4,1,2,yes,no,yes,no,no,0,no,furnished,18.0,2.3
3088000,4467,3,1,2,no,no,no,no,no,1,no,semi-furnished,5.0,2.4
3740000,6694,1,1,2,yes,yes,no,no,yes,1,no,unfurnished,0.0,5.4
2618000,4480,1,2,3,no,yes,no,no,no,1,yes,furnished,30.0,8.5
3423000,4475,3,3,3,no,no,yes,no,no,1,no,semi-furnished,2.0,1.0
4547000,6032,5,2,3,yes,no,no,no,yes,3,no,furnished,10.0,1.5
2365000,1291,2,2,1,yes,no,no,no,yes,1,no,semi-furnished,4.0,2.3
2581000,1705,4,4,1,yes,no,no,no,no,1,no,furnished,1.0,29.1
2764000,4263,2,2,1,yes,no,no,no,yes,1,no,furnished,1.0,4.0
3569000,3272,3,4,3,yes,yes,no,yes,no,3,yes,semi-furnished,1.0,7.3
4558000,6191,4,2,4,yes,no,no,no,yes,2,no,semi-furnished,1.0,2.2
1956000,3502,4,1,3,yes,no,no,no,no,1,no,semi-furnished,17.0,5.4
2525000,2393,2,1,1,yes,no,yes,no,yes,2,yes,unfurnished,8.0,0.6
5210000,8724,3,2,3,yes,no,yes,no,no,1,no,furnished,5.0,0.3
2549000,5003,1,1,2,no,yes,yes,yes,no,2,no,unfurnished,7.0,5.1
4054000,5649,3,1,1,yes,yes,no,no,yes,2,no,furnished,32.0,4.1
3249000,2366,4,2,2,yes,no,no,no,no,0,yes,semi-furnished,29.0,1.2
2149000,4302,2,2,1,no,no,no,no,no,2,no,semi-furnished,15.0,9.3
2999000,5744,3,2,2,yes,no,no,no,no,1,no,unfurnished,26.0,39.6
3138000,2968,3,1,1,yes,yes,no,no,no,1,yes,semi-furnished,5.0,4.0
4602000,6327,5,2,2,yes,no,no,no,yes,1,no,furnished,6.0,7.8
3230000,4179,6,2,2,yes,yes,yes,no,no,2,no,semi-furnished,11.0,26.4
3761000,4858,1,4,3,yes,yes,no,no,no,0,yes,semi-furnished,12.0,14.2
3125000,4176,4,2,2,yes,yes,yes,no,no,0,no,semi-furnished,8.0,5.0
5929000,9575,3,3,2,yes,no,yes,no,no,2,no,furnished,6.0,10.7
4259000,5470,3,3,3,yes,no,yes,no,yes,0,no,semi-furnished,51.0,1.1
3433000,3173,4,2,3,no,no,yes,no,yes,0,yes,furnished,21.0,5.7
4283000,7310,5,1,1,yes,yes,yes,no,no,0,no,unfurnished,7.0,2.6
2675000,2814,6,2,2,no,yes,no,yes,no,1,no,semi-furnished,16.0,1.4
3974000,5959,3,2,1,yes,yes,yes,no,yes,1,no,furnished,4.0,4.4
2745000,1189,3,2,1,yes,no,no,yes,yes,0,no,unfurnished,1.0,1.1
3191000,2578,4,2,2,no,yes,yes,no,no,3,yes,semi-furnished,5.0,9.6
4630000,5933,3,2,3,yes,no,yes,no,yes,2,no,semi-furnished,6.0,4.9
4360000,7125,3,1,1,yes,yes,no,no,yes,1,no,furnished,0.0,6.1
4613000,5877,3,2,3,yes,yes,no,no,yes,1,no,semi-furnished,20.0,1.3
3132000,5246,4,1,3,yes,yes,no,yes,no,1,no,semi-furnished,5.0,1.2
3792000,4838,2,3,3,yes,yes,no,no,no,2,yes,unfurnished,10.0,7.0
2225000,2247,2,1,1,yes,no,no,no,no,0,no,furnished,1.0,33.6
4038000,3916,5,1,3,yes,no,no,no,no,0,yes,furnished,2.0,0.8
3473000,4487,2,2,1,yes,no,no,no,yes,2,no,unfurnished,26.0,2.7
5138000,7826,3,2,2,yes,yes,no,yes,yes,1,yes,unfurnished,11.0,16.3
3964000,6256,2,2,1,yes,yes,yes,no,no,1,yes,furnished,36.0,0.6
650000,1621,1,1,1,no,no,no,no,yes,2,no,unfurnished,80.0,16.7
3244000,6213,1,2,2,yes,no,no,no,no,2,no,furnished,6.0,5.9
3005000,4653,2,1,2,yes,no,no,no,no,1,no,unfurnished,4.0,4.2
4013000,4011,5,4,1,yes,no,no,no,yes,2,no,unfurnished,23.0,3.0
3932000,6846,3,3,1,yes,no,yes,no,no,0,no,furnished,79.0,2.8
5393000,7768,6,2,2,yes,yes,no,no,no,2,no,furnished,12.0,2.9
4021000,7549,3,1,1,yes,no,yes,no,no,1,no,furnished,19.0,17.3
3687000,3654,3,2,3,yes,no,no,no,yes,2,no,furnished,18.0,10.3
3928000,4820,3,1,1,yes,no,yes,no,yes,3,no,furnished,5.0,8.9
3327000,6229,3,2,1,yes,no,yes,no,no,3,no,unfurnished,10.0,12.8
4470000,7646,4,1,2,yes,no,no,no,no,3,no,semi-furnished,21.0,2.4
3146000,4446,3,3,2,yes,yes,no,no,yes,1,no,semi-furnished,14.0,7.7
3271000,5092,3,1,2,yes,no,yes,no,no,1,no,unfurnished,0.0,4.9
3142000,3066,5,2,1,yes,yes,no,no,no,1,no,semi-furnished,5.0,12.2
2911000,2868,5,2,4,yes,no,yes,no,no,2,no,semi-furnished,2.0,3.0
4787000,7288,5,2,2,no,no,yes,no,yes,2,no,furnished,3.0,8.2
4113000,8484,3,1,1,no,no,,no,yes,0,no,semi-furnished,,
4935000,5342,4,4,2,no,no,no,no,yes,3,yes,furnished,0.0,4.1
4637000,7708,3,2,3,yes,no,no,no,yes,2,no,unfurnished,3.0,0.6
3493000,6296,3,2,1,yes,yes,no,no,no,3,no,semi-furnished,4.0,5.8
3085000,4081,2,1,1,yes,no,no,no,yes,2,yes,unfurnished,12.0,3.4
3559000,6295,3,2,3,yes,yes,yes,no,no,1,no,semi-furnished,9.0,8.9
4731000,8884,2,2,2,yes,no,yes,no,yes,0,no,semi-furnished,3.0,24.1
3077000,5421,3,1,2,yes,no,no,no,no,0,no,semi-furnished,2.0,5.3
5244000,8942,5,1,1,yes,yes,yes,no,yes,1,no,semi-furnished,3.0,5.0
1857000,700,2,3,1,yes,yes,no,no,yes,2,no,unfurnished,8.0,8.5
3564000,7308,2,1,2,no,no,no,no,yes,2,no,furnished,4.0,0.9
3396000,5692,2,1,1,yes,no,no,no,no,2,yes,furnished,35.0,2.3
4761000,4842,5,2,2,yes,no,yes,no,yes,2,yes,semi-furnished,7.0,20.1
4638000,5702,3,3,2,yes,yes,yes,no,yes,0,no,unfurnished,1.0,8.9
2844000,1127,3,1,1,no,no,no,no,yes,0,yes,semi-furnished,16.0,0.3
4065000,5017,4,2,3,yes,no,no,no,no,0,no,unfurnished,5.0,1.8
3404000,6286,4,1,3,no,yes,yes,no,no,1,no,semi-furnished,13.0,9.2
4439000,8751,3,1,2,yes,no,no,no,no,1,no,furnished,4.0,11.6
2891000,4360,4,1,1,yes,no,yes,no,no,0,no,semi-furnished,10.0,14.7
3406000,3721,4,3,1,yes,no,yes,no,yes,1,no,unfurnished,18.0,2.8
2662000,4396,4,1,2,yes,no,no,no,no,0,no,unfurnished,32.0,21.4
5157000,7514,2,1,1,no,no,no,no,yes,2,yes,furnished,4.0,6.4
3555000,6223,5,2,4,no,no,no,no,no,1,no,unfurnished,5.0,9.5
3200000,4335,3,3,1,yes,yes,no,yes,no,1,no,semi-furnished,7.0,7.3
4506000,6629,3,1,2,yes,no,yes,no,no,1,no,furnished,31.0,1.0
3666000,5714,3,2,2,yes,yes,no,no,yes,3,no,semi-furnished,28.0,26.4
4190000,7631,1,1,2,no,no,yes,no,yes,0,no,furnished,1.0,1.0
3626000,3955,2,2,1,yes,no,no,yes,no,1,yes,semi-furnished,2.0,2.4
3728000,4779,4,2,2,yes,yes,no,no,no,2,no,semi-furnished,8.0,13.4
3736000,4637,1,2,1,yes,yes,yes,no,yes,1,yes,semi-furnished,1.0,7.7
2917000,2280,3,1,3,yes,no,no,no,yes,3,no,semi-furnished,5.0,14.6
3069000,6151,3,1,1,yes,no,no,no,no,1,no,semi-furnished,2.0,5.8
3245000,6074,2,1,3,yes,no,no,no,no,1,no,semi-furnished,12.0,3.8
4143000,5511,6,2,3,yes,no,no,no,no,0,no,furnished,36.0,20.4
2337000,4984,2,1,1,yes,no,yes,no,yes,2,no,semi-furnished,69.0,0.3
3140000,2386,3,3,3,yes,no,yes,no,no,1,no,unfurnished,6.0,15.5
4219000,4575,3,4,1,yes,yes,yes,no,yes,0,no,furnished,11.0,2.1
3736000,4746,2,4,4,yes,no,yes,no,no,1,no,semi-furnished,23.0,15.1
2537000,3735,1,3,2,yes,no,no,no,yes,1,no,semi-furnished,1.0,1.2
3145000,5145,4,2,1,yes,no,no,no,yes,0,no,semi-furnished,14.0,6.9
4388000,6389,6,2,2,no,yes,no,no,yes,2,no,semi-furnished,6.0,17.5
4961000,9650,2,1,1,yes,no,no,yes,no,2,no,semi-furnished,3.0,5.1
3245000,5884,4,2,4,no,no,no,yes,no,0,no,furnished,6.0,11.0
3987000,6067,4,2,1,no,yes,yes,no,no,1,no,semi-furnished,1.0,13.1
3512000,5336,4,2,2,yes,no,no,no,no,2,no,semi-furnished,14.0,10.7
2138000,1279,3,3,2,yes,no,no,no,no,1,no,furnished,3.0,20.8
3605000,5442,3,1,3,yes,yes,no,no,no,1,no,semi-furnished,4.0,4.7
3483000,5633,3,1,1,yes,yes,yes,no,no,1,no,unfurnished,2.0,1.5
5974000,10919,4,3,2,yes,no,no,no,no,2,yes,unfurnished,24.0,0.4
4295000,5077,4,1,2,yes,no,yes,no,yes,3,no,furnished,8.0,2.3
2872000,6163,2,2,2,yes,yes,no,no,no,2,no,unfurnished,10.0,1.2
4117000,5424,3,3,1,yes,yes,no,no,yes,0,yes,semi-furnished,10.0,6.5
3058000,2929,5,2,1,yes,no,yes,no,no,1,no,semi-furnished,6.0,1.6
4608000,8014,4,2,1,no,no,no,no,yes,2,no,furnished,3.0,0.3
3867000,7154,6,1,2,yes,yes,no,no,no,0,no,semi-furnished,16.0,0.3
4023000,7240,4,1,1,no,yes,,no,no,3,no,unfurnished,,14.2
3031000,3499,3,3,2,yes,no,no,no,yes,3,no,semi-furnished,1.0,7.2
4352000,8586,3,2,1,yes,no,yes,no,no,0,no,unfurnished,15.0,3.5
2520000,2416,4,2,3,no,no,no,no,no,3,no,semi-furnished,3.0,18.0
3802000,6791,2,1,3,no,no,no,no,yes,1,no,semi-furnished,4.0,0.6
5757000,10319,3,1,2,yes,no,yes,no,yes,2,no,semi-furnished,8.0,31.4
3893000,3321,4,4,2,yes,no,no,no,yes,1,yes,unfurnished,7.0,7.7
3067000,4254,2,2,1,yes,no,no,yes,no,1,no,semi-furnished,15.0,1.6
3886000,5719,4,2,1,yes,no,yes,no,no,2,no,furnished,12.0,9.1
3224000,4392,3,1,1,yes,yes,yes,no,no,2,no,semi-furnished,12.0,11.5
3472000,2089,6,2,2,no,no,yes,yes,yes,0,no,unfurnished,15.0,4.5
3811000,5651,1,4,2,yes,no,no,no,yes,1,no,unfurnished,4.0,15.8
3314000,3163,3,2,3,yes,no,no,no,yes,0,no,semi-furnished,5.0,1.3
5132000,6542,4,1,2,yes,no,yes,no,yes,1,yes,unfurnished,7.0,2.6
3199000,3477,3,2,2,no,no,no,no,no,1,no,furnished,4.0,0.8
4905000,8910,4,3,2,no,no,yes,no,no,1,no,furnished,50.0,1.9
3842000,3777,4,2,2,yes,no,no,no,yes,1,no,furnished,20.0,2.2
3185000,4791,2,3,1,yes,no,no,no,no,0,no,furnished,2.0,20.0
5006000,7290,3,2,2,yes,no,no,no,yes,0,no,furnished,0.0,0.7
2953000,2792,3,3,2,yes,no,yes,no,no,0,no,unfurnished,1.0,4.5
4118000,6000,3,2,2,yes,no,no,no,yes,1,no,semi-furnished,3.0,6.1
4880000,8376,5,1,3,no,yes,no,no,no,3,no,semi-furnished,1.0,18.3
1781000,1964,4,1,1,no,yes,no,no,yes,0,no,unfurnished,9.0,45.0
3856000,5906,4,1,1,yes,no,no,no,no,3,yes,unfurnished,23.0,11.2
4884000,6072,4,3,2,yes,no,yes,no,yes,2,yes,furnished,16.0,28.3
4612000,7220,3,3,2,yes,no,no,no,yes,2,no,semi-furnished,3.0,12.4
3385000,2779,5,2,1,yes,yes,no,no,no,2,no,semi-furnished,6.0,26.4
2886000,2595,4,1,3,yes,no,no,no,yes,2,no,unfurnished,9.0,9.8
4050000,6648,4,1,4,yes,yes,no,no,no,0,no,furnished,20.0,0.7
4413000,6153,5,3,3,yes,no,no,no,no,1,no,furnished,22.0,4.1
4192000,6051,3,2,1,yes,yes,yes,yes,no,2,no,unfurnished,29.0,8.3
4156000,6262,4,1,3,yes,yes,yes,no,no,1,yes,unfurnished,9.0,3.5
2916000,4004,2,2,2,yes,yes,yes,no,yes,2,no,semi-furnished,14.0,2.6
3094000,6011,3,1,2,yes,no,yes,no,no,0,no,semi-furnished,1.0,6.9
2977000,6145,3,1,2,yes,no,no,no,no,2,no,furnished,10.0,21.7
3193000,3928,6,2,3,yes,yes,no,no,no,1,no,unfurnished,3.0,0.3
5126000,9605,5,1,2,yes,no,no,no,yes,1,no,furnished,7.0,11.7
5196000,6542,4,4,2,yes,yes,no,no,no,1,no,furnished,12.0,10.3
3017000,2879,4,1,2,yes,no,no,yes,yes,2,no,furnished,4.0,26.6
4040000,6944,3,1,2,no,no,yes,yes,yes,2,no,semi-furnished,1.0,21.4
2646000,3356,5,1,1,yes,no,no,no,yes,1,no,furnished,0.0,11.5
4846000,7232,3,3,3,yes,no,yes,no,yes,2,no,unfurnished,0.0,5.9
4094000,8049,3,2,2,yes,no,no,no,yes,1,no,unfurnished,0.0,1.8
2958000,3694,2,2,2,yes,no,yes,no,yes,0,no,semi-furnished,1.0,6.3
4971000,7619,4,1,1,no,no,yes,no,no,0,yes,semi-furnished,3.0,11.6
4065000,6408,4,1,2,no,no,no,no,yes,0,no,furnished,3.0,18.1
3518000,7309,3,2,1,no,yes,no,no,no,1,no,semi-furnished,52.0,12.5
5267000,9673,1,3,1,yes,no,no,no,yes,1,no,semi-furnished,4.0,1.7
4053000,4960,4,3,2,yes,no,no,no,yes,2,no,furnished,2.0,7.3
2143000,3842,1,1,2,yes,no,,no,no,2,no,semi-furnished,,3.2
4023000,3543,4,2,2,yes,no,no,no,no,0,yes,furnished,23.0,0.3
2898000,3705,6,3,1,yes,no,no,no,no,0,no,unfurnished,14.0,1.8
3145000,5330,3,2,2,no,yes,no,no,no,1,no,unfurnished,4.0,1.0
3867000,6251,2,3,1,no,yes,yes,no,yes,1,no,unfurnished,10.0,14.8
3913000,6109,4,1,4,yes,no,yes,no,no,0,yes,unfurnished,15.0,2.4
4983000,7320,4,4,2,yes,no,yes,no,no,0,no,unfurnished,16.0,2.7
4281000,5529,3,3,2,yes,no,no,no,yes,3,yes,semi-furnished,13.0,25.7
5690000,8698,6,4,1,yes,no,no,no,no,2,no,semi-furnished,25.0,3.8
3226000,4918,2,2,1,yes,no,yes,no,no,0,no,semi-furnished,24.0,0.3
5867000,11484,3,2,4,no,yes,no,no,yes,1,no,unfurnished,10.0,2.7
5095000,6876,4,4,1,yes,no,no,no,no,1,no,semi-furnished,7.0,1.0
2714000,3614,5,1,2,yes,no,no,no,no,2,no,unfurnished,12.0,0.9
2974000,3144,2,1,2,yes,yes,no,no,no,1,no,furnished,20.0,0.6
4563000,6561,4,2,1,yes,no,no,no,yes,0,no,semi-furnished,0.0,7.2
4021000,5008,3,3,3,no,yes,no,no,no,2,no,semi-furnished,58.0,1.7
5000000,7071,3,3,2,yes,no,no,no,yes,1,yes,unfurnished,2.0,3.6
3395000,6541,2,1,1,no,yes,yes,no,yes,1,no,furnished,8.0,15.8
4984000,5340,5,3,1,yes,no,yes,no,yes,1,no,semi-furnished,25.0,4.4
2294000,3637,2,2,1,yes,no,no,no,no,1,no,semi-furnished,3.0,19.8
2601000,2167,3,1,3,yes,no,no,yes,no,1,yes,furnished,8.0,5.5
3067000,4518,3,2,2,yes,no,no,no,no,0,no,semi-furnished,2.0,4.1
3884000,7384,5,1,1,yes,yes,no,no,no,1,no,semi-furnished,6.0,11.1
4270000,5971,4,1,1,yes,no,no,yes,yes,0,no,furnished,2.0,0.6
3906000,2759,4,4,2,yes,no,yes,no,yes,2,yes,semi-furnished,5.0,0.7
3353000,5881,3,2,2,yes,no,no,no,no,0,no,unfurnished,6.0,8.4
3678000,6348,4,2,2,no,no,no,no,no,0,no,unfurnished,60.0,5.3
3500000,3556,3,4,2,no,yes,no,no,no,2,yes,semi-furnished,63.0,12.5
4046000,5838,4,2,1,yes,yes,no,no,yes,2,no,semi-furnished,1.0,19.8
4457000,5628,5,3,2,no,no,yes,no,yes,2,no,semi-furnished,16.0,3.9
3174000,2985,1,2,4,yes,no,yes,no,yes,1,yes,unfurnished,1.0,7.3
4139000,6287,4,3,1,yes,no,no,no,yes,0,no,semi-furnished,0.0,5.6
3735000,6734,2,1,2,yes,no,no,no,yes,2,no,semi-furnished,1.0,32.0
5131000,7883,3,4,2,no,no,no,no,no,2,yes,furnished,40.0,14.2
4192000,7818,3,1,2,yes,no,no,no,no,0,yes,semi-furnished,34.0,19.4
2537000,2469,3,1,1,yes,no,no,no,no,3,no,furnished,3.0,2.3
2866000,3437,3,3,3,yes,no,no,no,yes,0,no,unfurnished,2.0,11.8
4794000,6633,4,2,2,yes,no,no,no,yes,3,yes,semi-furnished,3.0,2.5
3925000,6630,3,2,2,yes,no,yes,no,no,2,no,semi-furnished,9.0,1.9
3901000,6633,4,2,1,yes,yes,yes,no,no,2,no,semi-furnished,10.0,23.1
6856000,13976,3,2,1,yes,no,no,no,no,3,no,unfurnished,3.0,0.3
3360000,6756,2,1,1,no,no,no,no,no,2,no,furnished,17.0,26.9
4003000,7998,4,1,2,yes,no,no,no,no,0,no,semi-furnished,4.0,1.3
4170000,7599,3,1,1,no,no,no,no,yes,1,yes,unfurnished,31.0,13.7
4142000,6933,3,2,2,yes,yes,no,no,yes,0,no,unfurnished,13.0,2.6
3142000,4806,4,1,2,yes,no,no,no,no,1,no,furnished,7.0,3.5
4064000,7170,3,2,2,yes,no,no,no,no,2,yes,semi-furnished,19.0,2.0
3814000,3800,2,2,2,yes,yes,no,no,yes,1,yes,semi-furnished,20.0,7.0
2851000,4979,3,1,2,no,no,yes,no,no,1,yes,unfurnished,4.0,3.4
3433000,4432,5,2,1,yes,no,no,no,no,1,no,furnished,5.0,8.6
3636000,5680,4,3,1,no,no,no,no,no,2,yes,semi-furnished,33.0,0.3
6044000,10592,4,1,2,yes,no,no,no,yes,0,no,furnished,2.0,0.5
2709000,1392,4,2,2,yes,yes,no,no,yes,1,no,furnished,1.0,0.8
4126000,7010,2,2,1,yes,no,no,no,no,0,yes,furnished,7.0,4.3
2020000,1952,3,2,2,yes,no,no,no,no,2,no,unfurnished,19.0,13.5
3699000,4462,4,2,1,yes,yes,no,no,no,0,yes,furnished,18.0,17.5
4293000,7896,2,2,1,yes,no,no,no,no,2,yes,unfurnished,30.0,2.2
3648000,5641,3,2,1,yes,no,yes,no,no,1,no,furnished,9.0,6.8
2251000,3129,3,1,3,yes,yes,no,no,no,0,no,unfurnished,1.0,11.7
2759000,3926,3,2,1,yes,no,no,yes,yes,3,no,unfurnished,11.0,2.7
3798000,6995,6,2,1,no,no,no,no,no,0,no,furnished,18.0,4.2
2666000,3893,2,1,1,yes,no,no,no,no,1,no,semi-furnished,1.0,5.9
3955000,5976,3,2,1,yes,no,yes,no,no,0,yes,semi-furnished,2.0,1.2
4219000,5600,2,4,2,yes,no,yes,no,no,1,yes,semi-furnished,0.0,0.3
3040000,4066,6,2,1,yes,yes,no,no,no,1,no,semi-furnished,11.0,1.3
4666000,10217,2,2,1,yes,no,yes,no,no,1,yes,semi-furnished,26.0,7.9
4407000,6895,3,3,2,yes,yes,yes,no,yes,0,no,unfurnished,13.0,0.6
2865000,1045,4,2,1,yes,no,yes,no,yes,1,yes,unfurnished,48.0,1.7
4198000,5910,4,2,2,yes,yes,no,no,yes,2,no,semi-furnished,1.0,3.3
3705000,4044,3,3,2,yes,no,yes,no,yes,2,no,unfurnished,28.0,0.6
4425000,7375,3,3,1,yes,no,yes,no,no,1,yes,unfurnished,20.0,1.7
3697000,3756,3,2,2,yes,yes,yes,no,yes,1,no,furnished,5.0,19.4
3083000,5248,3,2,1,yes,no,no,no,no,0,no,furnished,44.0,0.3
3827000,6611,2,2,2,yes,yes,no,no,no,1,yes,semi-furnished,4.0,8.5
4607000,7405,3,4,2,yes,no,no,yes,no,0,no,semi-furnished,26.0,3.9
3285000,2859,3,2,1,yes,no,no,no,no,0,yes,semi-furnished,26.0,8.9
4505000,4764,3,1,2,yes,yes,yes,no,yes,0,yes,semi-furnished,17.0,7.1
4103000,4455,4,3,3,yes,no,no,no,no,1,yes,unfurnished,10.0,2.0
3781000,4063,6,2,4,no,yes,no,no,yes,1,no,semi-furnished,2.0,15.0
5942000,9384,4,1,2,yes,yes,yes,no,no,3,yes,furnished,9.0,5.4
4227000,6391,2,2,2,yes,no,no,no,yes,0,yes,unfurnished,5.0,13.8
2247000,2726,2,2,1,yes,no,yes,no,no,2,no,unfurnished,19.0,4.2
5199000,7519,6,3,1,yes,no,yes,no,yes,2,no,semi-furnished,17.0,33.4
5228000,10169,3,1,2,yes,yes,no,no,yes,1,no,unfurnished,29.0,11.8
4653000,7771,2,3,2,yes,no,no,no,no,1,yes,furnished,0.0,27.0
1817000,2157,3,2,3,no,no,yes,no,no,1,no,semi-furnished,20.0,5.8
3453000,4435,4,1,2,yes,yes,yes,no,yes,0,no,furnished,33.0,5.1
5467000,8287,4,4,2,yes,no,no,no,no,1,no,furnished,19.0,11.3
3636000,3943,3,2,2,yes,no,no,no,yes,2,yes,semi-furnished,2.0,17.0
3445000,6476,1,1,3,no,no,no,no,yes,0,no,furnished,1.0,26.6
4693000,7204,6,2,2,yes,yes,no,no,no,0,no,semi-furnished,0.0,3.1
2493000,3461,3,3,2,yes,no,no,no,no,2,no,unfurnished,12.0,12.8
3915000,5369,4,1,1,yes,yes,no,no,no,2,yes,furnished,12.0,1.9
2237000,700,4,1,3,yes,no,yes,no,yes,1,yes,furnished,52.0,6.3
2434000,3246,4,1,1,yes,no,no,no,yes,2,no,unfurnished,6.0,1.6
3523000,4944,3,1,3,no,no,no,no,no,1,no,furnished,5.0,3.4
3212000,2755,3,3,2,yes,no,yes,no,yes,0,yes,semi-furnished,12.0,21.4
4552000,9091,3,2,2,yes,no,no,no,no,1,no,semi-furnished,21.0,1.3
3675000,2354,5,1,2,yes,no,yes,no,yes,1,yes,unfurnished,33.0,8.0
3545000,4532,5,1,2,yes,no,no,no,no,3,no,unfurnished,20.0,7.2
3345000,5788,2,1,1,yes,yes,yes,no,yes,0,no,unfurnished,7.0,1.0
5612000,8671,2,4,3,yes,no,no,no,yes,1,no,furnished,12.0,3.2
2779000,2341,5,1,2,yes,no,yes,no,no,1,yes,unfurnished,23.0,6.6
4937000,8059,4,4,1,yes,no,yes,no,no,1,no,furnished,8.0,1.7
3900000,5523,5,2,1,yes,no,no,no,no,0,no,furnished,3.0,12.9
2040000,3341,2,1,2,yes,no,no,no,no,1,no,semi-furnished,2.0,28.6
4158000,6517,3,3,2,yes,no,no,no,no,2,no,unfurnished,0.0,1.9
4902000,5938,4,2,2,yes,no,yes,no,no,1,yes,furnished,15.0,1.7
3706000,4180,4,2,2,yes,no,no,no,no,1,no,furnished,1.0,4.9
3949000,5654,3,4,2,no,yes,no,no,no,1,yes,unfurnished,3.0,11.0
3237000,4652,1,1,4,yes,no,yes,yes,no,1,no,unfurnished,4.0,2.6
3036000,5750,3,1,2,yes,no,no,no,no,1,no,semi-furnished,10.0,0.3
4774000,6957,3,2,3,yes,no,no,no,no,2,yes,semi-furnished,6.0,6.2
4374000,8989,3,1,1,yes,no,yes,no,no,3,no,unfurnished,13.0,25.1
3026000,2777,6,1,2,yes,yes,no,no,no,1,no,unfurnished,1.0,4.0
5005000,10193,3,1,1,yes,no,no,no,yes,1,no,semi-furnished,2.0,4.4
2813000,1205,4,1,2,yes,no,no,no,yes,2,no,semi-furnished,8.0,27.8
3322000,5166,2,3,3,yes,no,no,no,no,1,no,furnished,5.0,9.5
4378000,6794,4,1,1,yes,no,no,no,yes,1,no,semi-furnished,4.0,10.2
3846000,6118,6,2,1,yes,no,yes,no,no,0,no,semi-furnished,1.0,6.6
2748000,4130,2,2,3,no,yes,no,no,no,2,no,semi-furnished,27.0,29.4
3270000,5042,1,2,1,yes,yes,no,yes,no,1,no,semi-furnished,14.0,9.3
3560000,4415,3,1,2,yes,yes,no,no,no,2,yes,furnished,2.0,18.0
3560000,4203,2,3,2,yes,no,no,no,yes,2,yes,unfurnished,1.0,9.6
4306000,7369,4,1,3,yes,no,yes,no,no,0,no,furnished,44.0,10.6
4366000,6285,5,3,1,yes,no,no,no,no,2,no,semi-furnished,14.0,2.7
3945000,3976,3,3,1,yes,no,no,no,yes,2,no,unfurnished,6.0,2.9
3847000,7479,3,2,2,yes,no,no,no,no,1,no,semi-furnished,15.0,12.2
3578000,6176,3,2,3,yes,no,no,no,no,0,no,semi-furnished,17.0,2.8
4629000,7288,4,2,2,yes,no,no,no,yes,0,no,semi-furnished,18.0,6.6
3293000,6885,1,2,1,yes,no,no,no,no,1,no,unfurnished,8.0,2.3
2973000,3676,3,3,2,yes,yes,no,no,no,1,no,unfurnished,7.0,13.6
4494000,4268,4,3,3,yes,no,no,yes,yes,1,no,semi-furnished,0.0,0.9
2814000,7144,4,1,3,yes,no,no,no,no,0,no,unfurnished,31.0,14.1
4272000,6843,2,2,4,no,no,yes,no,no,2,yes,furnished,11.0,7.4
3760000,5454,4,3,1,yes,no,no,no,yes,1,yes,unfurnished,3.0,1.7
3386000,5758,2,4,1,yes,no,no,no,no,0,yes,unfurnished,30.0,6.2
5986000,8311,2,2,2,yes,no,yes,no,yes,1,yes,semi-furnished,30.0,2.7
3801000,4199,5,2,3,yes,no,no,no,no,1,yes,unfurnished,54.0,3.1
4385000,6704,4,1,1,yes,no,yes,no,yes,0,no,semi-furnished,25.0,3.5
3298000,5055,1,4,1,yes,no,no,no,yes,1,no,semi-furnished,73.0,0.5
2998000,5021,2,1,3,yes,yes,no,no,no,0,no,unfurnished,3.0,34.1
3751000,7917,2,2,1,yes,no,no,no,yes,2,no,semi-furnished,22.0,0.3
4481000,7316,3,1,2,no,yes,no,no,yes,2,no,semi-furnished,21.0,8.7
3707000,7290,2,1,2,no,no,yes,no,no,1,yes,unfurnished,3.0,3.7
4091000,8372,2,2,2,no,no,no,yes,no,2,no,unfurnished,1.0,8.3
4098000,5546,3,4,2,yes,no,yes,no,no,2,no,unfurnished,47.0,3.5
4087000,7000,4,1,2,no,no,yes,no,no,0,no,furnished,4.0,9.0
3501000,4817,4,2,2,yes,no,no,no,no,3,no,semi-furnished,25.0,10.5
3336000,6213,4,1,2,yes,yes,no,no,no,2,no,unfurnished,0.0,9.4
3329000,5214,2,1,2,yes,yes,yes,no,no,0,no,semi-furnished,0.0,1.0
4958000,5713,6,2,2,yes,no,no,no,yes,0,yes,unfurnished,8.0,8.6
3710000,6809,4,2,1,no,no,no,no,yes,0,no,unfurnished,3.0,2.6
3490000,3700,4,1,1,yes,yes,no,no,no,0,yes,unfurnished,14.0,0.3
4987000,10103,4,1,1,yes,yes,no,yes,no,2,no,semi-furnished,10.0,4.3
2758000,3287,5,1,1,yes,no,no,no,no,1,no,semi-furnished,1.0,4.5
2716000,2829,3,1,2,no,no,no,no,no,2,no,semi-furnished,2.0,5.0
5454000,8048,2,4,3,yes,no,yes,no,yes,2,yes,semi-furnished,6.0,9.8
5596000,7242,4,4,2,no,no,no,no,yes,2,yes,unfurnished,2.0,3.0
4807000,6873,4,1,3,yes,yes,no,no,no,2,no,unfurnished,19.0,3.0
4800000,6882,4,2,2,yes,no,yes,no,no,0,yes,semi-furnished,6.0,0.5
3995000,5473,3,3,2,yes,yes,yes,no,yes,1,no,unfurnished,1.0,9.3
2340000,3526,2,1,2,yes,no,yes,no,no,2,no,semi-furnished,8.0,6.7
4365000,5667,3,3,1,yes,no,no,no,yes,0,no,semi-furnished,1.0,3.4
4393000,4010,5,4,1,yes,no,no,no,no,0,yes,semi-furnished,2.0,9.8
4558000,7645,3,1,2,yes,no,no,no,no,2,no,unfurnished,3.0,6.2
3354000,5176,3,1,4,yes,no,,no,no,2,no,semi-furnished,,
3712000,3684,3,4,1,yes,no,no,no,yes,1,no,semi-furnished,31.0,5.7
3373000,4793,3,2,1,yes,no,no,no,yes,2,no,semi-furnished,21.0,8.1
4410000,6408,5,1,3,yes,no,yes,no,yes,2,no,furnished,5.0,8.6
3862000,4260,4,1,1,yes,no,yes,no,no,1,yes,semi-furnished,4.0,2.7
4093000,3691,4,2,3,yes,no,no,no,yes,0,no,furnished,10.0,1.2
3806000,6036,3,2,2,yes,yes,no,no,yes,3,no,unfurnished,15.0,1.4
3497000,6039,4,2,3,yes,no,no,no,no,1,no,furnished,60.0,8.2
3247000,4385,2,4,2,yes,no,no,no,no,0,no,semi-furnished,2.0,16.5
3762000,4464,4,1,2,yes,no,yes,no,no,1,no,furnished,1.0,4.2
3021000,6011,3,2,2,no,no,no,no,no,2,no,unfurnished,14.0,1.5
2658000,2314,3,2,2,yes,no,no,no,no,0,yes,semi-furnished,21.0,11.3
2003000,2404,4,2,2,no,no,yes,no,no,1,no,unfurnished,22.0,14.3
2981000,3919,5,1,1,yes,yes,no,no,no,0,no,unfurnished,14.0,17.0
3903000,5030,2,4,2,yes,no,no,no,yes,3,yes,unfurnished,37.0,7.5
4735000,6184,4,3,2,yes,no,no,yes,no,0,yes,unfurnished,9.0,15.8
4824000,8746,3,2,3,yes,no,no,no,no,1,no,furnished,29.0,0.3
3796000,7387,3,2,2,yes,no,no,no,no,3,no,unfurnished,41.0,0.9
3291000,5148,1,1,2,yes,no,yes,no,no,0,yes,semi-furnished,23.0,0.8
2924000,5458,3,2,1,no,yes,no,no,no,3,yes,unfurnished,4.0,10.0
3308000,3294,3,2,2,yes,no,no,no,yes,3,yes,unfurnished,3.0,0.6
3686000,5459,2,2,2,yes,yes,no,yes,no,2,no,unfurnished,10.0,5.5
3418000,4865,3,4,3,yes,no,yes,no,no,0,no,furnished,7.0,5.1
3347000,6210,5,2,3,yes,no,no,no,no,2,no,semi-furnished,25.0,3.0
2018000,3680,2,2,1,yes,no,no,no,yes,2,no,semi-furnished,1.0,16.3
5218000,6643,4,3,3,yes,no,no,no,no,3,no,furnished,4.0,1.5
4770000,8872,3,1,1,yes,no,yes,no,yes,0,no,furnished,17.0,3.5
4042000,5261,4,2,2,yes,yes,yes,no,yes,2,no,semi-furnished,1.0,11.9
4346000,6384,3,1,2,yes,no,yes,no,yes,1,no,unfurnished,5.0,0.3
4468000,7018,2,2,1,yes,yes,no,yes,yes,0,yes,semi-furnished,6.0,8.9
3393000,4617,2,3,2,yes,no,yes,no,no,1,no,semi-furnished,12.0,13.6
3824000,5993,2,2,1,yes,yes,no,no,no,2,yes,semi-furnished,2.0,21.5
3342000,5528,2,3,1,yes,no,no,no,no,1,yes,unfurnished,24.0,16.7
4190000,5715,4,2,2,yes,no,no,no,no,1,yes,unfurnished,7.0,3.1
3338000,3799,5,1,2,yes,no,no,no,no,3,no,semi-furnished,30.0,7.1
4261000,5554,4,3,3,yes,yes,no,no,no,1,no,furnished,8.0,0.6
3587000,6596,4,1,2,no,no,no,no,no,2,no,semi-furnished,4.0,2.4
4117000,8693,2,1,2,yes,no,no,no,no,1,no,unfurnished,2.0,0.8
3696000,7610,3,2,2,yes,no,yes,no,no,1,no,semi-furnished,0.0,3.0
5122000,10237,3,1,1,yes,yes,yes,no,no,2,no,semi-furnished,9.0,16.6
2656000,3812,2,1,1,yes,no,no,no,no,3,yes,furnished,1.0,3.4
4622000,7419,3,2,2,no,no,no,no,yes,1,no,furnished,6.0,6.6
4253000,5903,3,2,2,yes,yes,yes,no,no,2,yes,unfurnished,11.0,4.5
5271000,10318,3,2,2,yes,no,no,no,no,0,no,semi-furnished,4.0,4.9
3494000,3722,3,4,2,yes,no,no,yes,no,0,no,semi-furnished,2.0,27.9
3133000,3653,4,2,2,yes,no,yes,no,yes,1,no,semi-furnished,18.0,2.8
3604000,4181,4,3,1,yes,yes,no,no,no,0,yes,unfurnished,35.0,7.9
2029000,827,3,1,1,yes,yes,yes,no,no,1,no,furnished,1.0,4.4
3557000,4343,5,2,3,yes,yes,no,no,no,1,no,unfurnished,2.0,0.5
3619000,3830,6,3,2,yes,no,no,yes,yes,0,no,semi-furnished,39.0,5.4
4236000,5831,3,2,3,yes,no,yes,no,yes,1,no,unfurnished,0.0,13.4
3610000,6252,3,2,1,yes,no,no,no,no,1,no,unfurnished,46.0,0.8
5329000,9628,3,2,4,yes,no,no,no,no,1,no,semi-furnished,0.0,0.6
4898000,7591,5,1,1,yes,yes,no,no,yes,3,yes,furnished,25.0,1.3
3414000,4231,5,2,1,no,yes,,no,yes,2,no,furnished,,
2504000,3523,2,2,4,yes,no,no,no,no,1,no,unfurnished,33.0,10.3
4332000,6582,3,3,1,no,yes,no,no,no,3,no,furnished,5.0,6.7
1739000,2595,3,1,2,yes,no,no,no,no,2,no,semi-furnished,13.0,5.1
4986000,9529,3,4,1,yes,no,no,no,no,0,no,furnished,1.0,17.5
4756000,8095,2,4,2,yes,yes,yes,no,no,0,no,semi-furnished,3.0,11.6
4280000,4468,5,1,3,yes,no,yes,no,yes,2,yes,furnished,18.0,13.4
1089000,1731,4,1,1,no,no,no,no,no,1,no,unfurnished,9.0,13.4
4951000,8479,4,3,2,no,no,yes,no,yes,2,no,unfurnished,32.0,8.2
4033000,5248,5,4,1,yes,no,no,no,no,2,no,semi-furnished,7.0,4.9
4656000,8223,4,2,2,yes,yes,no,no,yes,2,no,semi-furnished,24.0,16.0
2267000,1992,3,1,1,yes,no,no,no,no,3,yes,semi-furnished,7.0,20.8
2380000,4181,4,2,1,no,no,no,no,no,1,no,unfurnished,47.0,0.3
3484000,5512,2,2,1,yes,no,no,no,yes,0,no,semi-furnished,39.0,0.4
3759000,5603,4,1,1,yes,yes,,no,yes,2,yes,semi-furnished,,
3497000,4510,2,2,3,yes,no,yes,no,yes,1,no,semi-furnished,26.0,2.6
3483000,6870,4,1,2,yes,no,no,no,no,2,no,unfurnished,23.0,16.5
2544000,3151,2,1,1,yes,no,yes,no,yes,3,no,semi-furnished,3.0,3.9
4124000,5187,2,2,2,yes,no,no,no,yes,2,yes,semi-furnished,12.0,1.0
3169000,5765,2,2,1,no,no,no,no,no,1,no,semi-furnished,1.0,0.7
3333000,6632,1,1,2,yes,no,yes,no,no,1,no,semi-furnished,22.0,1.4
4715000,7066,4,2,4,yes,no,no,no,yes,1,no,semi-furnished,2.0,2.3
2373000,3026,4,1,2,yes,yes,yes,no,no,1,no,semi-furnished,1.0,5.4
3092000,2125,3,1,3,yes,no,no,no,no,2,yes,semi-furnished,6.0,9.7
4220000,8311,2,1,2,yes,no,yes,no,no,2,no,unfurnished,10.0,34.4
4533000,6231,2,4,1,yes,no,no,no,yes,2,no,furnished,23.0,4.7
1768000,3853,1,2,2,yes,no,no,no,no,0,no,semi-furnished,44.0,5.8
4380000,8913,2,2,2,yes,no,no,no,no,1,no,semi-furnished,7.0,5.9
4503000,5754,5,2,2,yes,no,yes,no,no,2,yes,semi-furnished,1.0,6.2
4220000,8094,2,4,3,yes,yes,no,no,no,1,no,semi-furnished,17.0,5.8
3856000,5649,3,1,2,yes,yes,yes,no,no,1,no,unfurnished,10.0,0.3
5897000,10034,2,2,3,yes,no,no,yes,no,2,no,semi-furnished,7.0,0.3
5974000,9362,2,2,3,yes,no,no,no,no,2,yes,unfurnished,4.0,0.8
2877000,4952,3,2,2,yes,no,no,no,no,1,no,unfurnished,8.0,0.9
4528000,7637,4,1,2,yes,no,no,no,yes,2,no,unfurnished,5.0,9.8
4632000,6920,2,2,1,yes,no,no,no,yes,0,yes,unfurnished,17.0,1.8
4335000,8511,2,1,4,yes,no,no,no,no,3,no,semi-furnished,9.0,18.0
3112000,3377,3,2,2,yes,yes,yes,yes,no,0,yes,semi-furnished,25.0,21.1
2631000,7009,2,2,1,yes,no,no,no,no,0,no,unfurnished,9.0,29.8
4251000,7829,2,1,1,yes,no,yes,no,no,2,no,semi-furnished,3.0,22.4
3033000,1631,6,3,2,yes,no,yes,no,no,0,no,furnished,23.0,2.5
2502000,2897,4,1,1,yes,no,no,no,yes,2,no,semi-furnished,10.0,5.7
2527000,1014,3,3,1,yes,no,no,no,yes,2,no,semi-furnished,3.0,1.5
3623000,4907,3,2,2,yes,no,yes,no,no,2,no,furnished,12.0,13.1
3667000,7079,3,1,1,yes,no,no,no,no,3,no,unfurnished,5.0,17.5
4732000,8805,3,1,2,yes,no,yes,no,yes,1,no,semi-furnished,22.0,15.2
4558000,5663,4,4,1,yes,no,no,no,no,2,no,unfurnished,7.0,4.5
4788000,9083,4,1,1,yes,no,no,no,yes,0,no,furnished,16.0,11.4
2704000,2464,2,1,2,no,no,no,no,yes,1,no,semi-furnished,1.0,0.8
2808000,1753,3,1,2,yes,yes,no,no,yes,2,no,furnished,6.0,0.3
3094000,5378,3,2,1,no,no,yes,no,no,1,no,semi-furnished,49.0,11.2
4492000,6345,5,2,1,no,yes,no,no,yes,1,yes,semi-furnished,20.0,4.4
4213000,5428,4,1,2,yes,no,yes,no,yes,1,yes,unfurnished,2.0,43.3
2258000,952,3,1,1,yes,no,yes,no,no,2,yes,semi-furnished,4.0,0.8
2738000,5304,2,1,1,yes,yes,no,no,no,3,no,semi-furnished,5.0,15.5
2327000,2630,4,1,1,yes,no,yes,no,yes,0,no,semi-furnished,13.0,5.2
4131000,6973,2,2,3,yes,no,no,no,no,1,no,furnished,17.0,14.0
4246000,6307,3,2,3,yes,no,no,no,yes,2,yes,semi-furnished,17.0,13.6
2182000,3432,2,1,3,no,no,no,no,no,1,no,furnished,9.0,19.8
3439000,4369,4,2,2,yes,no,no,no,no,0,no,unfurnished,20.0,2.8
2317000,3170,2,2,2,yes,no,no,no,no,1,no,unfurnished,7.0,23.9
4024000,5362,3,4,2,yes,no,no,no,yes,1,no,semi-furnished,2.0,1.3
5547000,7601,5,4,2,yes,no,no,no,no,0,no,semi-furnished,10.0,0.7
3171000,3331,2,3,1,yes,yes,yes,no,no,2,no,furnished,37.0,4.5
4516000,6609,3,1,2,yes,no,no,no,yes,1,yes,unfurnished,19.0,14.1
2487000,4333,3,1,3,yes,no,no,no,yes,3,no,unfurnished,10.0,5.1
2276000,3756,1,1,2,yes,no,no,no,no,2,no,unfurnished,12.0,14.1
4058000,5265,4,1,2,yes,yes,yes,yes,no,2,no,semi-furnished,32.0,10.5
3784000,3222,2,2,1,yes,no,yes,no,yes,0,yes,semi-furnished,7.0,1.9
3034000,4282,3,3,2,yes,no,no,no,no,1,yes,semi-furnished,5.0,23.8
3371000,2865,3,3,2,yes,no,no,yes,yes,0,no,unfurnished,45.0,0.5
6298000,9822,4,3,3,yes,no,no,no,yes,3,no,unfurnished,24.0,18.3
2818000,5578,4,2,1,yes,no,no,no,no,0,no,semi-furnished,5.0,2.9
3402000,3961,3,2,3,yes,no,no,no,yes,1,no,unfurnished,7.0,5.5
3229000,5971,1,1,2,yes,no,no,no,no,1,no,unfurnished,6.0,4.4
4280000,5253,4,1,3,yes,no,yes,no,yes,1,yes,semi-furnished,2.0,1.5
2866000,5014,3,2,2,yes,no,no,no,no,0,no,unfurnished,38.0,3.5
4922000,6851,4,1,2,yes,yes,yes,no,no,1,yes,semi-furnished,6.0,1.7
4132000,7167,4,2,2,yes,no,yes,no,no,0,no,semi-furnished,25.0,1.8
3397000,4333,4,1,2,yes,no,no,no,yes,0,no,furnished,3.0,1.7
4066000,4233,3,2,4,yes,no,yes,no,no,1,yes,semi-furnished,10.0,5.4
4192000,4895,3,3,1,yes,no,no,no,yes,2,no,unfurnished,0.0,12.8
1916000,700,4,1,1,yes,no,yes,no,no,1,no,semi-furnished,17.0,6.7
3342000,2167,3,3,3,yes,yes,yes,no,no,1,yes,furnished,10.0,17.9
4697000,8507,2,1,2,yes,no,no,no,yes,1,yes,semi-furnished,12.0,8.1
4846000,9119,5,2,2,yes,no,no,no,no,1,no,semi-furnished,1.0,9.4
4623000,4952,5,2,2,yes,yes,no,no,yes,3,no,semi-furnished,3.0,8.8
4127000,6768,3,2,1,yes,yes,no,no,yes,0,no,semi-furnished,1.0,4.8
5278000,6185,2,4,3,yes,yes,yes,no,yes,2,no,furnished,4.0,9.4
5385000,12274,3,1,2,no,no,no,no,no,2,no,unfurnished,12.0,0.6
4283000,7963,4,2,1,yes,yes,yes,no,no,2,no,unfurnished,10.0,15.7
3666000,5219,5,2,1,no,no,,no,yes,0,no,semi-furnished,11.0,12.0
2758000,3398,2,3,3,yes,no,no,no,no,1,no,unfurnished,10.0,2.3
1503000,1966,2,1,1,yes,no,no,no,yes,2,no,unfurnished,4.0,11.7
5471000,5948,5,3,3,yes,no,no,yes,yes,0,no,semi-furnished,3.0,0.3
3106000,3836,3,2,1,yes,no,yes,no,no,2,yes,unfurnished,2.0,2.0
2412000,2371,3,1,2,yes,no,no,no,no,2,no,unfurnished,23.0,0.5
4770000,4078,6,2,3,yes,no,yes,no,yes,2,yes,semi-furnished,12.0,12.1
2348000,3121,2,1,2,yes,no,yes,yes,yes,0,no,semi-furnished,2.0,11.3
4612000,9212,4,2,2,yes,no,no,no,no,2,no,unfurnished,2.0,13.4
4655000,7440,2,3,2,yes,no,yes,no,yes,2,no,semi-furnished,25.0,0.3
3523000,5482,3,2,1,yes,yes,yes,no,yes,2,no,unfurnished,16.0,5.6
4892000,8756,4,2,1,no,no,no,no,no,0,no,semi-furnished,13.0,9.8
3670000,5670,3,2,4,yes,no,no,no,no,0,no,semi-furnished,6.0,1.4
4094000,3605,6,1,3,yes,no,yes,no,no,1,yes,semi-furnished,4.0,8.4
4503000,8851,3,1,2,yes,no,no,no,no,0,no,semi-furnished,47.0,0.7
4213000,6686,3,2,2,yes,no,no,no,yes,1,no,unfurnished,19.0,1.6
2846000,3218,2,1,1,yes,yes,no,no,no,3,yes,semi-furnished,4.0,5.2
3501000,5081,3,1,1,yes,no,no,no,yes,1,no,unfurnished,23.0,8.5
2598000,3574,3,2,2,yes,no,no,no,no,2,no,semi-furnished,17.0,1.3
2969000,2458,2,1,3,yes,no,no,no,no,0,yes,unfurnished,4.0,1.6
3443000,7538,3,1,2,yes,no,no,no,no,0,no,unfurnished,7.0,1.8
5686000,9701,3,2,3,yes,no,yes,no,no,0,no,furnished,2.0,2.2
1433000,2423,4,1,1,no,no,no,no,no,1,no,unfurnished,1.0,2.1
4816000,6739,4,3,2,yes,no,no,no,yes,3,no,furnished,15.0,4.0
3082000,4069,4,3,1,yes,no,no,no,no,0,no,unfurnished,4.0,8.5
2770000,4428,1,2,2,yes,no,yes,no,no,2,no,semi-furnished,21.0,4.6
2265000,4197,2,1,1,no,yes,no,no,no,1,yes,unfurnished,65.0,12.0
3412000,3599,4,3,4,yes,no,no,yes,yes,3,no,unfurnished,1.0,10.2
3661000,5607,3,3,1,yes,no,no,no,yes,0,no,furnished,8.0,1.1
3206000,3672,1,3,3,no,yes,no,no,yes,0,no,furnished,19.0,0.4
4308000,6095,4,1,2,yes,yes,no,no,yes,0,yes,semi-furnished,19.0,16.8
3753000,5389,4,2,4,yes,no,yes,no,no,1,no,semi-furnished,17.0,0.7
4495000,4974,3,3,2,yes,no,no,no,yes,1,no,furnished,5.0,1.3
2827000,3503,2,2,3,yes,no,no,no,yes,2,no,furnished,7.0,0.3
3544000,4231,4,2,1,yes,no,yes,no,no,2,yes,semi-furnished,11.0,7.9
4126000,7162,3,2,2,yes,no,yes,no,no,2,no,furnished,44.0,7.0
4740000,6602,4,2,3,yes,yes,no,yes,no,1,yes,unfurnished,5.0,34.7
2293000,3349,4,1,1,yes,yes,no,no,no,0,no,unfurnished,31.0,17.4
3898000,5719,4,2,1,yes,yes,no,no,yes,1,no,unfurnished,4.0,4.2
3909000,7153,3,1,2,yes,yes,yes,no,yes,3,no,furnished,54.0,3.7
3166000,1827,2,2,3,yes,yes,yes,no,yes,2,no,furnished,13.0,2.8
3854000,6695,4,1,2,no,no,yes,no,no,2,no,semi-furnished,7.0,1.3
3886000,4042,4,2,2,yes,no,no,no,yes,2,yes,unfurnished,11.0,1.2
3474000,6755,4,1,1,yes,no,no,no,no,0,no,semi-furnished,4.0,1.1
2553000,3821,2,2,1,yes,no,no,no,yes,0,no,semi-furnished,4.0,1.0
2849000,1529,2,3,3,yes,no,no,no,no,0,no,furnished,1.0,2.2
1700000,1919,5,1,1,yes,no,yes,no,no,1,no,unfurnished,1.0,2.9
3460000,5606,4,1,2,yes,no,yes,no,no,0,yes,semi-furnished,5.0,26.1
4555000,6071,5,1,3,yes,no,no,no,no,1,no,furnished,17.0,6.9
3338000,3511,4,3,1,yes,yes,yes,no,no,2,no,semi-furnished,11.0,35.1
4069000,6905,3,2,2,yes,no,yes,no,no,2,no,unfurnished,1.0,3.7
2694000,1845,4,2,1,yes,no,no,no,no,2,no,semi-furnished,23.0,4.9
3794000,5355,5,1,2,yes,no,no,no,no,3,no,unfurnished,11.0,3.1
2204000,2836,3,2,1,yes,no,no,no,no,0,no,unfurnished,39.0,1.6
3604000,4066,4,3,2,yes,no,no,no,yes,0,no,unfurnished,13.0,1.2
3526000,5604,2,3,1,yes,no,no,no,no,2,no,semi-furnished,2.0,23.2
3446000,3607,3,2,2,yes,yes,no,no,yes,1,yes,unfurnished,8.0,34.6
4295000,4654,4,1,2,yes,no,yes,no,yes,1,no,unfurnished,13.0,0.4
3780000,7714,3,1,1,no,yes,no,no,no,1,no,semi-furnished,0.0,1.3
3227000,4231,2,1,2,yes,no,yes,no,yes,1,no,furnished,0.0,4.4
3852000,7339,3,1,1,yes,yes,yes,no,yes,1,no,unfurnished,2.0,1.6
2816000,3015,2,1,2,yes,no,yes,no,yes,1,no,furnished,3.0,3.6
4054000,6666,2,1,1,yes,yes,no,no,no,1,no,unfurnished,7.0,1.1
5629000,8671,3,2,2,yes,no,no,no,no,2,yes,furnished,8.0,4.9
2333000,700,5,4,1,yes,yes,no,no,no,1,no,unfurnished,2.0,2.5
3158000,3747,3,2,2,no,yes,no,no,no,1,yes,semi-furnished,13.0,3.5
2969000,6770,2,3,1,no,no,no,no,no,0,no,unfurnished,11.0,0.8
3687000,5053,2,2,2,yes,yes,no,no,yes,1,yes,semi-furnished,4.0,4.5
3809000,6317,4,1,1,yes,yes,no,no,yes,2,no,unfurnished,0.0,32.7
3326000,4171,3,2,3,yes,yes,no,no,no,2,no,furnished,1.0,3.2
3704000,5690,4,1,3,yes,no,yes,no,yes,2,no,semi-furnished,6.0,16.7
4035000,5158,4,2,1,yes,no,yes,no,yes,0,no,furnished,2.0,14.8
4631000,8069,4,1,2,yes,yes,no,no,no,1,yes,unfurnished,6.0,24.3
4026000,6060,3,4,1,yes,yes,yes,no,no,1,yes,semi-furnished,12.0,12.5
3170000,6243,4,1,2,yes,no,no,no,yes,1,no,unfurnished,10.0,8.6
2584000,4594,3,1,2,yes,no,no,no,no,1,no,unfurnished,3.0,15.5
3062000,4427,5,4,2,no,no,no,no,no,1,no,unfurnished,5.0,0.6
2251000,4548,4,1,2,no,no,yes,no,no,1,no,unfurnished,11.0,5.0
3769000,6368,3,2,1,yes,no,no,no,no,2,no,semi-furnished,24.0,36.3
3164000,4574,3,2,2,yes,no,no,no,yes,0,no,unfurnished,17.0,11.7
3025000,6138,2,3,1,no,no,,no,no,2,no,unfurnished,10.0,26.2
5757000,10066,4,4,2,yes,no,no,no,no,0,no,furnished,5.0,12.1
4057000,7416,2,4,2,yes,no,no,no,no,0,no,furnished,5.0,16.6
3739000,4783,3,1,2,yes,no,no,no,no,3,yes,furnished,25.0,9.8
4872000,8143,3,3,1,no,no,yes,no,no,3,yes,semi-furnished,0.0,11.4
2674000,4602,4,2,1,yes,no,no,no,no,0,no,semi-furnished,53.0,5.9
2039000,1016,4,2,1,yes,no,yes,no,yes,1,no,semi-furnished,13.0,20.6
1961000,3282,4,1,1,no,no,no,no,no,0,yes,unfurnished,14.0,13.9
2168000,1384,4,2,1,yes,yes,yes,no,no,1,no,semi-furnished,0.0,14.9
3162000,4727,2,4,3,no,no,no,no,no,2,no,unfurnished,11.0,8.9
3829000,5541,2,3,3,yes,no,yes,no,no,3,no,semi-furnished,8.0,2.9
6196000,9188,4,2,2,yes,no,yes,no,yes,2,yes,furnished,1.0,0.3
3707000,6219,3,1,2,yes,no,,no,yes,1,no,semi-furnished,,
3232000,5018,3,2,1,yes,yes,no,no,no,2,no,unfurnished,27.0,7.1
5584000,7325,1,3,3,yes,yes,yes,no,yes,1,yes,furnished,10.0,2.8
2364000,700,3,2,1,yes,no,no,no,yes,3,no,semi-furnished,6.0,1.3
4108000,6018,1,2,3,yes,no,no,yes,no,2,no,furnished,1.0,14.2
4022000,7196,5,1,2,yes,no,yes,no,no,1,no,semi-furnished,15.0,14.5
1869000,2247,2,2,1,yes,yes,no,no,no,1,no,semi-furnished,15.0,13.5
4780000,8016,3,2,3,yes,no,no,yes,no,1,no,unfurnished,11.0,8.3
3708000,6245,1,3,1,yes,no,no,yes,no,0,no,unfurnished,9.0,3.6
3229000,4586,4,2,2,yes,no,no,no,no,2,no,semi-furnished,7.0,2.9
4237000,6892,3,1,2,yes,no,no,no,yes,1,no,unfurnished,11.0,0.3
5921000,10496,5,2,1,yes,no,yes,no,yes,1,yes,semi-furnished,3.0,14.3
3783000,5900,5,1,2,yes,no,no,no,no,1,no,unfurnished,34.0,0.7
4336000,6046,3,4,2,yes,no,yes,no,no,2,no,semi-furnished,11.0,8.0
3276000,4489,5,2,2,yes,yes,no,no,yes,0,no,unfurnished,4.0,5.6
3483000,3630,6,2,1,yes,no,yes,no,yes,2,no,unfurnished,7.0,6.0
5380000,7327,4,2,3,yes,no,no,no,no,2,yes,unfurnished,20.0,20.9
3435000,3617,4,2,1,yes,no,yes,no,no,3,no,furnished,2.0,0.3
3870000,5657,2,2,1,yes,no,no,no,no,1,no,unfurnished,4.0,11.9
2305000,4449,3,2,1,yes,no,no,no,no,0,no,unfurnished,14.0,0.4
3921000,6554,2,1,1,yes,no,no,no,no,1,yes,unfurnished,5.0,0.3
2679000,6234,2,1,1,yes,no,no,no,no,1,yes,semi-furnished,19.0,4.5
5687000,7783,6,1,4,yes,no,no,no,yes,0,yes,furnished,2.0,0.5
3044000,4378,3,2,1,no,no,yes,no,no,2,no,semi-furnished,17.0,12.5
3692000,4906,4,1,1,yes,yes,yes,no,no,1,no,semi-furnished,1.0,6.0
3229000,3347,4,2,1,yes,no,no,no,yes,2,yes,unfurnished,0.0,0.3
4180000,4523,5,3,2,yes,no,no,no,yes,0,no,unfurnished,27.0,0.3
4680000,6330,6,3,3,no,yes,yes,no,no,2,no,furnished,10.0,7.6
3860000,7165,2,2,1,yes,yes,yes,no,no,2,no,unfurnished,5.0,13.1
2508000,3471,1,2,1,yes,no,yes,no,no,2,no,furnished,3.0,4.6
3744000,7413,3,1,1,yes,no,no,no,yes,2,no,semi-furnished,12.0,6.5
4892000,8482,2,2,1,yes,no,no,no,no,2,no,furnished,9.0,12.9
3446000,6410,1,3,1,yes,yes,no,no,no,3,no,unfurnished,57.0,7.5
5487000,9629,3,1,2,yes,yes,yes,no,yes,1,no,unfurnished,49.0,2.0
3413000,3798,4,2,1,yes,no,yes,no,no,1,no,semi-furnished,12.0,7.6
3167000,2762,3,3,2,yes,yes,yes,no,yes,0,yes,unfurnished,7.0,7.9
3160000,1587,3,3,1,yes,yes,no,no,no,0,yes,furnished,8.0,10.6
4952000,8791,4,1,3,yes,yes,no,no,no,0,no,semi-furnished,14.0,7.8
4203000,6940,2,2,3,yes,yes,yes,yes,no,0,yes,semi-furnished,1.0,27.9
3101000,5378,1,1,2,no,yes,no,no,no,1,no,furnished,5.0,1.8
3173000,6116,4,1,2,yes,no,yes,no,no,0,no,unfurnished,1.0,24.1
3536000,3024,4,3,2,yes,yes,no,no,no,0,no,unfurnished,1.0,6.2
6703000,10881,4,3,2,yes,no,no,no,no,3,yes,semi-furnished,3.0,8.9
3763000,5784,1,3,2,no,no,,no,yes,0,no,furnished,8.0,0.8
4183000,5741,4,1,2,yes,no,no,no,no,2,no,furnished,18.0,3.8
4215000,7097,4,3,3,yes,no,no,no,yes,0,no,semi-furnished,8.0,11.7
4151000,6558,3,2,3,yes,no,no,no,yes,3,no,semi-furnished,5.0,9.8
4022000,5993,4,1,1,yes,no,no,yes,yes,2,no,semi-furnished,1.0,0.3
4814000,3761,5,2,2,yes,no,yes,no,yes,2,yes,unfurnished,10.0,6.3
3429000,6537,3,1,1,yes,no,no,yes,no,2,no,semi-furnished,4.0,0.7
4542000,9640,3,3,1,yes,no,yes,no,no,0,yes,semi-furnished,11.0,43.9
5076000,8460,6,2,2,yes,no,no,no,yes,3,yes,unfurnished,45.0,18.2
5272000,9005,4,1,1,yes,yes,yes,no,no,2,no,semi-furnished,1.0,0.3
2924000,4375,3,1,3,yes,no,yes,no,no,2,no,semi-furnished,3.0,15.7
2580000,3323,4,1,1,yes,no,yes,no,no,2,no,semi-furnished,8.0,20.1
3913000,5223,3,1,2,yes,no,yes,no,yes,1,no,furnished,42.0,3.5
4264000,5623,2,2,2,yes,yes,no,no,yes,2,yes,furnished,18.0,10.2
5464000,7907,3,3,2,yes,no,yes,no,yes,1,yes,semi-furnished,27.0,4.7
2657000,1777,5,1,2,yes,no,no,no,yes,1,no,unfurnished,5.0,8.5
4704000,8865,5,1,3,yes,yes,yes,no,no,0,no,unfurnished,58.0,3.3
3410000,5152,3,2,2,yes,no,no,no,no,3,no,unfurnished,1.0,3.1
3755000,4561,3,3,2,yes,no,no,no,yes,0,no,semi-furnished,1.0,4.4
2674000,3273,2,1,1,yes,no,no,no,yes,0,no,semi-furnished,23.0,1.3
2354000,1859,6,1,2,yes,no,no,no,yes,1,no,semi-furnished,31.0,14.2
4406000,7311,6,2,3,yes,no,no,no,no,2,yes,furnished,1.0,3.4
3943000,5661,4,1,2,no,no,no,no,yes,2,no,semi-furnished,1.0,4.1
2464000,2662,4,1,3,no,no,no,no,no,0,no,semi-furnished,0.0,18.0
3224000,2651,4,2,2,yes,no,no,no,no,0,yes,furnished,1.0,5.5
3700000,4761,3,2,1,yes,no,no,no,yes,2,no,furnished,3.0,6.3
4218000,9172,2,2,1,yes,no,yes,no,no,3,no,semi-furnished,42.0,25.1
3265000,4929,3,2,1,yes,no,no,no,no,2,no,semi-furnished,13.0,17.4
3455000,2193,4,2,2,yes,yes,yes,no,no,1,yes,semi-furnished,18.0,1.5
3743000,4959,4,1,3,yes,yes,no,no,no,3,no,furnished,18.0,5.1
3681000,4900,3,2,1,no,no,no,no,no,1,no,furnished,9.0,28.4
1959000,700,5,1,2,no,no,no,yes,yes,1,yes,semi-furnished,19.0,3.7
3968000,5381,2,1,2,yes,no,no,no,yes,1,yes,furnished,11.0,3.7
3093000,4992,3,2,2,yes,yes,no,no,no,1,no,semi-furnished,5.0,1.7
5405000,7032,4,3,1,yes,no,no,yes,no,2,yes,furnished,10.0,1.0
4968000,9568,4,4,1,yes,no,no,no,yes,1,no,unfurnished,9.0,10.8
3965000,7978,4,2,1,yes,no,yes,no,no,1,no,semi-furnished,21.0,11.8
2440000,4908,3,1,1,yes,yes,no,no,no,1,no,semi-furnished,48.0,27.8
2502000,3066,2,1,1,yes,no,no,no,yes,0,no,furnished,6.0,11.9
5662000,11161,4,3,1,no,yes,yes,no,no,1,no,furnished,17.0,2.2
4023000,5630,3,2,2,yes,yes,no,no,no,0,yes,furnished,1.0,0.3
3027000,5531,2,2,1,yes,no,no,no,no,0,yes,unfurnished,18.0,33.8
4097000,5447,4,3,4,yes,yes,no,no,no,2,no,unfurnished,6.0,3.3
5101000,5936,3,2,1,yes,yes,no,no,yes,2,yes,furnished,0.0,3.0
3591000,5182,4,3,1,no,no,no,no,no,2,no,semi-furnished,5.0,18.9
3551000,4238,4,1,2,yes,yes,yes,no,no,1,yes,semi-furnished,11.0,7.0
4142000,4297,2,2,1,yes,no,no,no,no,2,yes,furnished,2.0,1.9
3995000,5428,1,3,3,yes,yes,yes,no,yes,3,no,unfurnished,31.0,17.6
2802000,4304,4,1,1,yes,no,yes,yes,no,2,no,furnished,1.0,40.1
3215000,3932,4,2,3,no,no,yes,no,no,2,no,semi-furnished,32.0,0.7
4290000,5734,4,1,3,yes,yes,yes,no,yes,1,no,semi-furnished,15.0,15.9
4014000,4939,4,4,2,yes,no,yes,no,no,3,no,semi-furnished,5.0,4.0
4937000,8809,4,1,2,yes,no,yes,yes,no,1,yes,unfurnished,6.0,5.9
2956000,700,6,2,2,yes,yes,yes,no,yes,0,yes,unfurnished,16.0,19.7
3707000,7901,3,1,2,yes,no,no,no,no,1,no,unfurnished,11.0,29.0
5546000,8241,3,2,2,yes,yes,yes,no,yes,0,no,semi-furnished,13.0,2.4
2524000,939,3,1,1,yes,yes,no,no,yes,3,no,furnished,6.0,1.9
2955000,4746,2,1,1,no,yes,no,no,yes,1,yes,unfurnished,8.0,0.7
3731000,4683,3,2,2,yes,no,no,no,yes,1,yes,unfurnished,55.0,6.6
3644000,2403,3,3,2,yes,no,yes,no,yes,2,no,semi-furnished,3.0,0.3
2290000,3789,5,1,3,no,no,no,no,no,1,no,unfurnished,6.0,4.2
2489000,3057,3,1,1,yes,no,yes,no,yes,0,no,furnished,4.0,0.6
5826000,9355,3,3,3,yes,no,yes,no,no,2,yes,semi-furnished,17.0,4.2
4289000,7558,3,2,1,yes,no,no,no,no,2,no,furnished,17.0,0.3
4503000,8297,2,3,2,yes,no,no,no,no,1,no,semi-furnished,4.0,14.4
3630000,7088,1,1,1,yes,no,no,no,no,2,yes,unfurnished,1.0,1.9
2608000,3016,3,2,2,yes,yes,no,no,no,0,no,semi-furnished,0.0,3.2
2397000,4346,2,1,1,yes,no,no,no,no,0,no,unfurnished,7.0,16.3
4611000,6577,4,1,2,yes,no,yes,no,yes,0,no,semi-furnished,6.0,11.0
2801000,2811,5,2,3,yes,no,yes,no,no,1,no,semi-furnished,53.0,2.0
5302000,7069,5,2,2,yes,no,no,no,no,2,no,unfurnished,8.0,0.6
4892000,4971,4,3,2,yes,no,no,no,yes,2,no,furnished,4.0,10.1
3734000,4675,2,1,3,yes,no,yes,no,no,1,yes,unfurnished,27.0,4.0
4746000,7064,5,2,2,yes,no,no,no,no,1,no,furnished,8.0,11.6
5635000,6477,5,2,2,yes,no,yes,yes,yes,2,no,semi-furnished,11.0,4.7
3730000,4706,2,4,1,yes,yes,no,no,no,0,yes,semi-furnished,1.0,3.4
4037000,8051,4,1,3,yes,no,no,no,no,0,no,unfurnished,6.0,4.8
1969000,3122,3,1,2,no,no,no,no,no,3,no,semi-furnished,35.0,11.0
3741000,6855,4,2,1,yes,no,yes,no,no,2,no,semi-furnished,11.0,18.6
4468000,6805,6,2,1,yes,no,no,no,no,3,no,unfurnished,5.0,0.4
3567000,4819,1,1,3,yes,no,no,no,yes,1,yes,semi-furnished,12.0,5.9
4423000,6217,5,3,1,yes,yes,yes,no,no,2,no,unfurnished,29.0,0.3
3055000,2748,4,1,4,yes,no,yes,no,yes,0,no,semi-furnished,4.0,5.1
5041000,7533,6,3,1,no,no,no,no,no,1,yes,furnished,8.0,17.3
3783000,5093,3,1,3,no,no,no,no,yes,1,no,semi-furnished,38.0,3.6
3961000,4350,4,2,2,yes,no,yes,no,yes,1,no,furnished,2.0,21.6
5253000,7808,2,3,2,yes,yes,no,no,no,0,yes,furnished,15.0,8.0
2913000,3950,3,1,3,yes,no,no,yes,no,1,no,semi-furnished,11.0,21.8
2516000,2401,2,4,2,yes,no,yes,no,yes,0,no,furnished,14.0,11.3
2582000,2075,6,2,2,yes,no,no,no,no,2,yes,unfurnished,5.0,0.9
5109000,6833,4,4,1,no,no,yes,no,no,1,no,semi-furnished,5.0,2.1
2654000,2683,5,2,1,no,no,yes,no,yes,0,no,semi-furnished,14.0,4.0
5213000,9361,5,1,1,no,no,yes,no,yes,0,yes,semi-furnished,3.0,1.5
1351000,920,2,1,2,yes,no,no,no,no,0,no,unfurnished,7.0,5.5
5254000,9232,3,1,1,yes,no,no,no,no,2,yes,furnished,3.0,5.1
3989000,5964,2,1,1,yes,no,yes,no,yes,0,yes,semi-furnished,0.0,25.0
3991000,5287,2,1,2,yes,no,no,no,no,2,yes,semi-furnished,42.0,4.5
3083000,4301,2,1,2,yes,no,no,no,no,0,no,semi-furnished,7.0,12.3
3750000,6378,3,2,2,yes,yes,yes,no,yes,0,no,semi-furnished,42.0,22.8
4055000,5417,3,3,1,yes,no,no,no,yes,2,no,unfurnished,2.0,16.8
4053000,7927,2,1,1,yes,yes,no,no,yes,2,no,unfurnished,11.0,1.9
3208000,5751,2,1,3,yes,yes,no,no,no,0,no,unfurnished,3.0,5.5
3772000,5831,2,2,1,yes,no,no,no,yes,2,yes,furnished,19.0,3.4
3465000,4700,6,1,3,yes,no,yes,no,yes,1,no,semi-furnished,18.0,4.1
3914000,5375,4,1,3,yes,no,no,no,no,2,yes,unfurnished,1.0,3.6
4714000,6177,6,1,3,yes,yes,yes,no,yes,2,yes,semi-furnished,29.0,14.0
2556000,1738,3,3,1,yes,no,no,no,no,2,no,unfurnished,3.0,4.8
3474000,2534,3,3,3,yes,no,no,no,yes,3,yes,semi-furnished,11.0,5.9
4022000,7135,4,2,3,yes,no,yes,no,no,0,no,unfurnished,51.0,32.3
4352000,5876,3,2,2,yes,no,no,no,yes,2,no,unfurnished,26.0,0.5
3134000,5095,3,2,1,yes,no,no,no,yes,1,yes,unfurnished,38.0,5.4
2816000,5541,2,2,1,no,yes,no,no,no,0,no,furnished,5.0,11.9
3400000,6265,2,2,1,no,no,yes,no,no,0,no,semi-furnished,1.0,1.3
3012000,4313,3,2,2,yes,no,no,no,no,0,no,unfurnished,3.0,7.6
3043000,3788,3,1,2,yes,no,no,no,no,2,no,unfurnished,8.0,2.2
4197000,5931,4,1,2,yes,yes,yes,no,no,1,no,furnished,19.0,16.2
3188000,3348,2,2,2,yes,no,yes,no,no,1,yes,semi-furnished,2.0,3.2
3984000,6398,2,3,2,yes,no,no,yes,no,0,no,unfurnished,13.0,3.2
2468000,1754,4,2,2,no,yes,yes,no,no,1,no,semi-furnished,5.0,7.3
4183000,7764,2,3,3,yes,no,yes,no,no,3,no,unfurnished,5.0,1.6
3731000,6540,3,4,1,no,no,no,no,no,1,no,unfurnished,13.0,2.7
4615000,6063,5,1,2,yes,no,no,no,yes,2,yes,unfurnished,8.0,4.3
4951000,7662,2,2,1,yes,no,no,no,yes,2,yes,furnished,20.0,3.5
5398000,9164,2,2,2,yes,yes,no,no,yes,2,yes,furnished,2.0,6.0
4397000,7732,3,4,2,yes,no,no,no,no,1,no,furnished,19.0,7.3
2462000,1450,3,4,3,yes,no,no,no,no,2,no,unfurnished,1.0,6.7
3198000,2685,3,2,1,yes,no,yes,no,no,1,no,semi-furnished,3.0,8.5
3774000,4125,4,1,4,yes,no,no,no,yes,2,yes,furnished,13.0,2.9
4542000,5557,2,3,1,yes,yes,no,no,yes,0,yes,semi-furnished,23.0,1.1
4242000,6639,3,1,2,yes,no,no,no,no,1,no,semi-furnished,3.0,11.4
2763000,3903,3,3,1,yes,no,no,no,no,0,no,unfurnished,5.0,15.2
4507000,5911,2,3,3,yes,yes,yes,no,yes,2,yes,unfurnished,9.0,2.4
3589000,3838,4,2,2,yes,no,no,no,no,1,yes,unfurnished,3.0,4.2
3285000,4155,3,2,2,yes,no,no,yes,no,0,no,furnished,20.0,5.5
2571000,2405,3,2,3,no,no,no,yes,yes,0,yes,unfurnished,18.0,6.1
2497000,3469,2,2,1,yes,no,no,no,no,3,no,furnished,2.0,8.6
2519000,2526,3,1,1,yes,no,yes,no,no,2,no,semi-furnished,7.0,0.3
3568000,3353,3,3,3,yes,no,yes,no,no,1,no,furnished,18.0,10.2
5426000,7818,4,4,1,no,yes,yes,yes,yes,2,no,furnished,5.0,0.5
3270000,3411,2,4,1,yes,no,no,no,yes,1,no,furnished,12.0,5.1
6574000,11291,3,1,2,yes,yes,yes,no,yes,1,yes,semi-furnished,1.0,14.1
4510000,6585,3,3,2,yes,no,no,no,yes,3,no,semi-furnished,11.0,4.8
3962000,5907,4,2,1,yes,yes,yes,no,no,0,no,furnished,2.0,1.3
2313000,3612,3,1,1,yes,yes,no,no,yes,1,no,semi-furnished,21.0,33.6
3813000,7041,4,1,1,yes,yes,yes,yes,no,1,no,unfurnished,5.0,17.6
4925000,4234,4,1,2,yes,no,no,yes,yes,1,yes,furnished,4.0,11.8
4700000,5768,5,3,3,yes,no,,no,no,1,yes,furnished,22.0,4.2
6232000,11132,3,2,4,no,no,no,yes,no,1,no,semi-furnished,1.0,1.6
3569000,5289,3,2,2,no,yes,no,no,no,0,no,unfurnished,6.0,22.7
4584000,8028,4,1,1,yes,no,yes,no,yes,1,no,semi-furnished,6.0,6.1
3906000,3953,6,2,3,yes,no,yes,no,yes,0,no,unfurnished,4.0,15.3
3825000,5423,5,1,2,yes,no,no,no,yes,0,no,semi-furnished,29.0,3.3
4358000,9396,3,2,1,yes,no,no,no,yes,0,no,semi-furnished,17.0,3.3
3211000,4121,2,2,3,yes,no,yes,no,yes,2,yes,furnished,1.0,33.9
4759000,9487,3,1,3,no,no,no,no,yes,1,no,unfurnished,15.0,5.9
4696000,7057,4,3,2,yes,yes,no,no,no,2,no,furnished,9.0,1.2
4194000,4263,3,1,2,yes,yes,yes,no,no,2,yes,semi-furnished,28.0,2.0
4419000,6891,3,2,1,yes,no,yes,no,yes,2,no,furnished,5.0,5.3
4999000,7640,4,2,1,yes,no,no,no,no,1,no,semi-furnished,10.0,0.3
4309000,6868,3,2,2,yes,yes,yes,no,yes,1,no,unfurnished,8.0,5.0
2991000,2046,5,1,1,yes,no,yes,no,no,1,no,unfurnished,8.0,4.3
3190000,3900,3,1,2,yes,no,yes,no,no,2,no,furnished,7.0,12.1
4201000,4955,3,3,3,yes,no,yes,yes,no,1,no,semi-furnished,3.0,3.5
3640000,5336,3,1,3,yes,no,no,no,yes,2,yes,semi-furnished,17.0,32.4
5432000,6865,4,3,2,yes,yes,yes,no,yes,2,no,furnished,7.0,1.6
4587000,5891,2,4,3,no,no,yes,no,yes,0,no,semi-furnished,38.0,7.2
1949000,2562,2,1,3,no,yes,no,no,no,0,no,semi-furnished,4.0,0.8
4175000,6336,6,1,2,yes,no,yes,no,no,2,no,semi-furnished,14.0,10.6
3108000,6843,2,2,1,yes,yes,no,no,no,1,no,unfurnished,34.0,42.0
4901000,6732,3,4,1,no,no,no,no,no,0,yes,furnished,13.0,13.7
5216000,7878,3,3,1,yes,no,no,no,no,2,yes,furnished,25.0,6.5
4372000,7335,3,2,1,yes,no,no,no,no,0,no,semi-furnished,21.0,5.3
4436000,6510,4,3,1,yes,yes,yes,no,no,3,no,unfurnished,5.0,14.4
3117000,5346,2,1,1,yes,yes,no,no,yes,2,no,unfurnished,11.0,22.0
2847000,1846,3,4,2,yes,yes,no,no,no,2,no,furnished,2.0,36.2
5010000,6445,3,4,3,yes,no,no,no,yes,0,no,semi-furnished,9.0,4.0
3247000,5957,4,1,1,no,no,yes,no,yes,0,no,semi-furnished,3.0,37.6
4670000,6097,2,1,2,yes,no,yes,no,yes,1,yes,semi-furnished,16.0,1.4
2479000,2691,3,1,2,yes,yes,no,no,no,0,no,semi-furnished,9.0,2.3
1727000,3122,2,1,1,yes,yes,no,no,no,1,yes,unfurnished,6.0,0.7
5982000,7817,3,3,3,yes,yes,no,no,yes,1,yes,furnished,4.0,2.5
2315000,5413,2,2,2,no,no,yes,no,no,0,no,semi-furnished,80.0,11.7
3623000,6999,2,1,2,no,no,yes,no,no,0,no,unfurnished,1.0,15.3
3832000,5562,4,1,3,yes,no,no,no,no,2,no,unfurnished,1.0,12.1
4008000,5565,3,4,1,no,no,no,no,no,0,yes,semi-furnished,3.0,8.0
4745000,7564,5,2,2,yes,yes,yes,no,no,0,no,unfurnished,43.0,5.8
4406000,4365,6,2,1,yes,yes,yes,no,no,2,yes,semi-furnished,46.0,9.9
3727000,5711,3,1,3,yes,no,no,no,yes,3,no,semi-furnished,13.0,4.0
3709000,4483,2,4,2,yes,no,no,no,yes,1,no,unfurnished,25.0,14.7
3351000,4544,3,3,2,no,no,no,no,no,0,no,unfurnished,3.0,9.0
3793000,4820,4,1,1,yes,yes,no,no,yes,1,no,unfurnished,43.0,9.6
3675000,5989,3,1,2,yes,yes,no,no,yes,3,no,semi-furnished,2.0,6.1
3116000,4447,2,1,3,yes,yes,yes,no,no,2,no,unfurnished,1.0,17.3
4654000,8263,3,1,2,yes,yes,no,no,yes,2,no,furnished,1.0,2.3
3589000,3532,4,2,2,yes,yes,no,no,yes,1,yes,furnished,10.0,3.8
3674000,5089,4,3,2,yes,no,no,no,no,1,no,unfurnished,18.0,12.0
3171000,4533,2,2,3,yes,yes,no,no,no,0,no,semi-furnished,5.0,5.4
5425000,8683,4,3,2,yes,yes,yes,no,no,2,no,unfurnished,46.0,17.6
3742000,5932,2,2,3,yes,no,no,yes,no,2,no,semi-furnished,7.0,3.4
4797000,7770,2,2,3,yes,no,no,no,no,3,yes,semi-furnished,2.0,3.7
2834000,2232,5,2,2,yes,no,no,no,yes,1,no,unfurnished,8.0,17.6
3091000,6088,2,1,1,yes,no,yes,no,yes,0,no,unfurnished,14.0,5.0
4222000,7457,3,2,2,yes,no,no,no,yes,1,no,semi-furnished,21.0,5.8
4234000,5681,1,2,3,yes,yes,no,yes,no,2,no,furnished,7.0,3.2
4230000,7844,5,1,1,yes,no,yes,no,no,2,no,unfurnished,11.0,2.6
4291000,4362,4,2,2,yes,yes,yes,no,no,0,yes,semi-furnished,4.0,8.5
5809000,8601,4,2,3,yes,yes,no,no,no,1,yes,furnished,12.0,1.0
5850000,10558,4,4,2,yes,no,no,no,yes,1,yes,semi-furnished,51.0,16.9
3888000,4702,2,2,2,yes,no,yes,no,no,1,yes,furnished,1.0,12.1
3313000,4520,3,3,1,yes,no,no,no,no,2,no,unfurnished,26.0,1.7
4751000,8697,3,2,1,yes,no,no,yes,no,1,no,semi-furnished,10.0,9.5
4826000,8975,2,3,3,yes,no,no,no,no,2,no,unfurnished,3.0,7.4
2673000,4350,3,2,1,yes,no,yes,no,no,1,no,semi-furnished,37.0,1.6
4453000,4576,5,3,1,yes,no,no,no,no,2,yes,unfurnished,8.0,2.6
3295000,4880,1,2,3,yes,no,yes,no,no,1,no,furnished,5.0,4.2
2825000,2542,3,2,1,yes,no,yes,yes,yes,2,no,furnished,2.0,9.6
3644000,3479,2,2,4,no,yes,no,no,yes,1,yes,furnished,3.0,8.1
2442000,3291,2,2,4,no,no,no,no,yes,1,no,semi-furnished,21.0,6.1
2607000,3811,5,1,1,no,no,no,no,yes,0,no,furnished,11.0,11.7
3095000,5424,3,1,1,yes,yes,yes,no,no,1,no,semi-furnished,29.0,11.3
3260000,6015,3,1,2,yes,no,no,no,no,1,no,semi-furnished,3.0,7.7
5213000,8911,4,3,2,yes,no,no,no,no,1,yes,semi-furnished,2.0,12.4
2779000,3304,2,1,1,yes,yes,no,no,no,3,no,semi-furnished,0.0,3.3
4525000,7666,3,1,2,yes,yes,no,no,no,0,yes,furnished,9.0,17.0
4094000,5029,3,2,1,yes,no,yes,no,yes,2,yes,unfurnished,77.0,7.6
3241000,5391,3,1,3,yes,no,yes,no,no,3,no,semi-furnished,14.0,13.8
3775000,6985,6,2,1,yes,no,yes,no,no,0,no,unfurnished,4.0,6.3
2572000,3030,4,1,1,no,yes,no,yes,no,2,no,semi-furnished,25.0,2.0
4831000,6341,3,4,1,yes,yes,yes,no,no,1,no,unfurnished,18.0,6.3
5034000,5866,4,3,4,yes,no,yes,yes,yes,0,no,semi-furnished,0.0,3.7
4622000,6583,2,3,2,no,no,no,no,no,1,no,unfurnished,20.0,9.6
4041000,6136,1,2,3,yes,no,yes,no,no,3,no,furnished,4.0,5.2
5272000,10902,2,3,2,no,no,yes,no,no,0,no,unfurnished,2.0,14.5
1754000,4097,3,1,1,yes,no,no,no,no,1,no,unfurnished,3.0,9.1
3237000,4332,3,1,1,yes,yes,yes,no,no,1,no,furnished,8.0,9.2
3567000,4129,4,1,2,yes,yes,no,no,yes,2,no,semi-furnished,7.0,2.0
3572000,4278,5,2,2,yes,no,no,no,yes,0,yes,unfurnished,4.0,33.2
3827000,4098,3,2,2,yes,no,yes,no,yes,2,yes,semi-furnished,2.0,14.7
4639000,8116,3,2,1,yes,no,no,no,yes,2,no,furnished,17.0,12.4
4229000,8625,2,1,3,yes,no,no,yes,no,2,no,unfurnished,55.0,3.2
3801000,4244,1,2,1,yes,no,no,no,yes,3,no,furnished,18.0,6.1
3031000,3669,3,2,4,yes,yes,no,no,no,2,no,unfurnished,4.0,1.2
4548000,6537,3,2,1,yes,yes,,yes,no,0,yes,furnished,,
3877000,4285,4,2,2,yes,yes,yes,no,yes,1,no,furnished,3.0,1.3
3850000,6892,2,1,1,yes,yes,no,no,no,1,no,semi-furnished,2.0,6.4
3572000,5946,1,3,2,yes,no,no,no,no,1,no,semi-furnished,10.0,8.4
2207000,2165,3,2,2,yes,yes,no,no,no,1,no,unfurnished,11.0,4.0
4309000,8905,2,1,2,yes,yes,no,no,no,1,yes,furnished,15.0,5.5
4671000,9451,1,1,2,no,no,yes,no,yes,1,no,furnished,14.0,16.7
3301000,4152,4,2,2,yes,no,no,no,no,3,no,semi-furnished,4.0,0.9
2739000,4647,2,3,2,no,no,no,no,no,0,no,unfurnished,5.0,12.6
3757000,6129,4,2,3,yes,no,no,no,no,3,no,semi-furnished,14.0,1.5
4099000,6236,3,1,1,yes,no,yes,no,no,1,no,semi-furnished,5.0,0.3
4818000,6949,2,3,2,yes,no,no,no,yes,2,no,semi-furnished,3.0,1.6
6261000,9922,3,2,2,yes,yes,no,yes,yes,2,no,semi-furnished,6.0,11.6
4661000,5111,4,2,2,yes,yes,yes,no,no,1,yes,semi-furnished,4.0,4.2
3171000,3744,3,2,2,yes,no,yes,no,no,1,no,semi-furnished,1.0,16.5
2394000,2465,4,1,1,yes,no,yes,yes,no,1,yes,unfurnished,21.0,6.0
3411000,3892,2,2,1,yes,no,no,no,yes,1,no,unfurnished,23.0,0.3
3600000,5427,4,2,1,yes,yes,no,no,yes,3,no,unfurnished,3.0,10.1
5340000,9448,2,4,1,yes,no,no,no,yes,2,no,semi-furnished,1.0,0.9
3815000,4361,4,2,2,yes,no,yes,no,yes,0,no,semi-furnished,16.0,12.5
4085000,5992,3,2,2,yes,no,no,no,no,0,no,furnished,3.0,1.5
4427000,5464,5,2,4,no,yes,no,no,no,1,yes,unfurnished,6.0,3.4
4764000,8114,3,3,2,yes,no,no,no,yes,0,no,semi-furnished,1.0,11.5
5772000,11059,2,3,1,yes,no,yes,no,yes,2,yes,unfurnished,3.0,24.7
4189000,4332,1,2,3,yes,no,yes,no,yes,0,no,furnished,19.0,3.7
3254000,4423,4,2,3,yes,yes,no,no,no,1,no,unfurnished,20.0,14.1
4320000,7797,3,2,2,yes,no,yes,no,no,0,no,unfurnished,3.0,1.7
4614000,7000,4,2,2,yes,yes,yes,no,no,1,yes,semi-furnished,5.0,13.2
5090000,9563,2,1,4,yes,yes,yes,no,no,2,no,unfurnished,2.0,8.6
4306000,6785,3,2,2,yes,no,no,no,yes,1,no,unfurnished,1.0,1.7
3526000,4710,1,1,3,yes,yes,yes,no,yes,3,yes,unfurnished,58.0,2.9
4815000,6799,6,3,1,yes,no,yes,no,no,2,no,unfurnished,13.0,1.1
4920000,7939,4,1,1,yes,no,no,no,no,1,no,furnished,9.0,3.9
4445000,7305,5,4,2,no,yes,no,no,no,0,no,unfurnished,17.0,1.8
3556000,6616,3,2,2,no,no,no,no,no,2,no,unfurnished,22.0,8.3
4183000,7847,4,2,3,yes,no,no,no,no,3,no,semi-furnished,20.0,41.6
5627000,8072,4,2,4,yes,yes,no,no,yes,2,no,furnished,0.0,0.3
4694000,8541,3,1,2,yes,no,no,no,no,0,yes,furnished,2.0,6.2
4081000,6927,4,2,1,yes,no,no,no,no,3,no,furnished,13.0,6.8
3899000,5132,5,1,3,yes,no,yes,yes,yes,1,yes,unfurnished,6.0,19.6
4319000,5823,5,2,2,no,yes,no,no,no,2,yes,furnished,49.0,5.6
5399000,8154,4,2,1,yes,no,yes,no,no,3,yes,furnished,13.0,6.3
4106000,3703,3,3,2,yes,yes,yes,no,yes,0,no,semi-furnished,38.0,5.1
3702000,6311,3,1,2,no,no,no,no,no,3,no,semi-furnished,3.0,2.5
3862000,4635,6,1,3,yes,no,no,no,yes,1,no,furnished,24.0,0.5
3234000,5563,1,2,2,no,no,no,yes,yes,3,no,furnished,5.0,4.2
4571000,8313,4,3,1,yes,no,no,no,yes,1,no,furnished,55.0,0.4
3671000,5920,4,2,4,no,no,no,no,yes,3,no,unfurnished,2.0,6.4
4775000,5602,4,2,2,yes,no,no,no,yes,0,no,furnished,9.0,2.9
3386000,2508,6,2,2,yes,no,no,no,yes,2,no,semi-furnished,19.0,6.1
3673000,7142,3,1,1,yes,no,no,no,no,1,no,furnished,7.0,1.2
4699000,6920,3,4,2,yes,yes,yes,no,yes,1,no,furnished,8.0,21.6
4425000,10259,2,2,1,yes,yes,yes,no,no,0,no,semi-furnished,52.0,18.0
2968000,4823,3,1,1,no,no,no,no,yes,2,no,furnished,7.0,1.7
4774000,5982,3,2,2,yes,no,yes,no,no,0,yes,furnished,11.0,3.4
4294000,6049,3,1,1,yes,yes,yes,no,yes,1,yes,semi-furnished,1.0,7.6
5451000,8970,4,4,2,yes,yes,yes,no,yes,1,no,semi-furnished,22.0,0.8
4660000,5290,5,1,1,yes,yes,no,no,yes,3,no,unfurnished,13.0,3.5
3265000,6114,2,2,2,yes,no,no,no,no,0,no,furnished,6.0,2.3
3108000,6837,3,1,1,yes,no,no,no,no,0,no,unfurnished,0.0,19.8
4470000,5911,5,2,1,no,no,no,no,yes,0,yes,unfurnished,11.0,15.3
3395000,4518,2,3,1,yes,no,,no,yes,1,no,unfurnished,,6.9
3686000,5927,2,2,3,yes,no,no,no,yes,0,no,semi-furnished,0.0,5.9
3887000,7862,2,2,3,yes,no,no,no,yes,1,no,unfurnished,11.0,21.4
2638000,3242,3,3,1,yes,yes,no,no,no,2,no,furnished,3.0,21.6
3323000,5793,2,1,3,yes,yes,no,yes,no,2,no,furnished,3.0,27.9
3979000,3960,6,1,2,yes,no,yes,no,no,1,yes,furnished,13.0,1.1
4837000,8129,3,1,4,yes,no,yes,no,yes,0,no,unfurnished,1.0,1.4
2739000,2149,3,4,2,yes,no,no,no,no,2,no,semi-furnished,5.0,9.0
3010000,4270,2,2,2,yes,no,no,no,yes,0,no,unfurnished,2.0,6.2
3680000,6330,3,2,1,yes,no,no,no,yes,2,no,semi-furnished,10.0,0.3
5084000,8944,4,2,2,yes,yes,no,no,no,1,no,unfurnished,13.0,0.5
4768000,5355,4,1,4,yes,yes,yes,no,yes,1,yes,unfurnished,15.0,17.5
2860000,4279,4,1,2,no,no,yes,yes,no,1,no,unfurnished,4.0,16.3
4634000,9639,3,1,1,yes,no,no,no,no,2,no,semi-furnished,1.0,3.5
3205000,2314,5,2,1,yes,no,yes,no,yes,0,yes,unfurnished,1.0,17.7
1991000,700,4,1,2,yes,no,no,no,no,1,no,unfurnished,7.0,7.2
3562000,6468,4,1,2,yes,no,no,no,yes,0,no,semi-furnished,35.0,13.1
4068000,4395,2,3,2,yes,no,no,no,yes,2,no,semi-furnished,3.0,4.5
3858000,3253,1,4,4,yes,yes,yes,no,no,3,yes,unfurnished,4.0,1.0
3665000,7058,2,1,1,yes,yes,no,no,no,1,no,semi-furnished,1.0,4.5
3964000,6036,4,1,1,no,yes,no,no,yes,1,no,unfurnished,11.0,4.9
2510000,4259,3,1,3,no,no,no,no,no,3,no,furnished,14.0,6.4
2690000,2683,3,2,1,yes,yes,no,no,no,1,no,semi-furnished,12.0,0.9
5217000,7419,5,3,1,yes,no,no,no,yes,1,yes,furnished,24.0,38.0
3786000,6930,5,1,2,no,no,yes,no,no,1,no,semi-furnished,8.0,2.2
3964000,5282,5,1,3,yes,no,no,no,no,2,no,semi-furnished,2.0,1.8
5034000,9563,3,3,1,yes,yes,no,no,no,0,no,unfurnished,4.0,6.0
3761000,3146,4,2,3,no,yes,yes,no,yes,2,yes,furnished,13.0,6.2
2244000,2144,3,1,3,no,no,yes,no,no,1,no,unfurnished,11.0,4.6
2755000,3978,2,2,1,yes,yes,yes,no,yes,0,no,unfurnished,9.0,11.8
3340000,5400,2,1,2,yes,yes,no,no,no,2,no,semi-furnished,14.0,5.8
3885000,6035,3,2,2,yes,yes,no,no,no,1,no,furnished,12.0,7.5
3589000,4969,3,3,2,no,yes,yes,no,yes,0,no,furnished,26.0,10.3
5144000,6275,4,3,3,no,yes,no,no,yes,2,yes,semi-furnished,11.0,0.3
2588000,2747,2,2,4,yes,no,no,no,no,2,no,furnished,18.0,6.8
4703000,8676,4,4,1,yes,no,yes,no,no,2,no,semi-furnished,3.0,17.2
3715000,5319,3,2,2,yes,no,yes,no,yes,3,yes,unfurnished,14.0,0.3
5707000,7958,3,3,2,yes,yes,yes,no,no,2,yes,furnished,28.0,4.2
3170000,6254,3,2,2,yes,no,no,no,no,0,no,semi-furnished,6.0,20.9
4910000,6505,3,3,2,yes,no,yes,no,yes,1,yes,unfurnished,18.0,3.5
4371000,6753,3,3,1,yes,yes,no,no,yes,2,no,unfurnished,15.0,4.9
3206000,6485,3,1,2,yes,no,no,no,no,1,no,unfurnished,1.0,31.9
5377000,6914,2,4,2,yes,yes,no,no,yes,2,no,unfurnished,10.0,1.8
5068000,8424,2,3,1,yes,no,yes,no,yes,2,no,semi-furnished,2.0,0.5
4194000,5932,3,3,3,yes,no,no,no,yes,1,no,unfurnished,41.0,15.7
4291000,7060,5,1,3,yes,no,no,no,no,3,no,unfurnished,20.0,16.2
4194000,5303,3,3,2,yes,yes,yes,no,yes,1,no,semi-furnished,1.0,5.1
4776000,8668,4,3,1,no,no,yes,no,no,1,no,semi-furnished,2.0,5.8
4015000,4012,4,1,2,yes,yes,no,no,no,3,yes,semi-furnished,11.0,14.5
6184000,9462,5,4,1,yes,no,no,no,yes,1,no,semi-furnished,5.0,10.7
4235000,5412,4,1,1,yes,no,yes,no,no,0,no,furnished,0.0,2.5
2143000,2352,3,1,2,no,yes,no,no,no,1,no,semi-furnished,9.0,0.3
3403000,5782,4,2,1,yes,no,no,no,no,2,no,semi-furnished,6.0,5.2
3341000,4002,5,2,1,yes,no,no,no,yes,2,no,semi-furnished,1.0,15.7
3768000,7349,3,2,1,yes,no,yes,no,no,2,no,furnished,19.0,18.1
2991000,4064,3,1,1,yes,yes,no,no,yes,2,no,unfurnished,30.0,25.0
3068000,4518,1,4,1,no,no,yes,no,yes,1,no,furnished,17.0,16.9
954000,1343,4,1,4,no,no,no,no,no,2,no,furnished,21.0,6.9
4623000,4505,4,1,1,yes,no,no,no,yes,2,yes,semi-furnished,3.0,4.7
960000,700,2,1,1,yes,no,no,no,no,0,no,semi-furnished,4.0,11.9
2263000,2015,3,2,1,yes,no,no,no,yes,0,no,furnished,3.0,10.8
5791000,7173,3,4,3,yes,no,,no,yes,3,no,semi-furnished,,
3292000,7229,2,2,2,no,yes,no,no,no,2,no,unfurnished,35.0,0.7
5122000,6436,6,3,2,no,no,yes,no,yes,2,no,semi-furnished,15.0,20.8
2224000,3373,2,1,3,yes,no,no,no,no,2,no,semi-furnished,26.0,4.9
3119000,5395,2,2,2,yes,no,yes,no,no,1,no,furnished,12.0,3.6
4701000,5492,3,2,1,yes,no,no,no,yes,2,yes,semi-furnished,6.0,7.9
3114000,2952,4,2,1,yes,yes,no,yes,no,1,no,unfurnished,7.0,9.0
4765000,8807,1,1,2,yes,no,no,no,yes,0,no,semi-furnished,1.0,1.9
5089000,7430,4,2,1,yes,no,yes,no,yes,2,yes,unfurnished,0.0,14.5
3852000,5014,3,2,2,yes,yes,no,yes,no,1,no,semi-furnished,14.0,2.7
3418000,5559,2,3,1,yes,no,yes,no,yes,2,no,unfurnished,7.0,1.7
4131000,5958,2,2,2,yes,no,no,no,yes,1,yes,unfurnished,10.0,4.2
1578000,1008,3,1,1,yes,yes,no,no,no,1,yes,unfurnished,10.0,10.5
2428000,4956,3,2,1,yes,yes,no,no,no,0,no,unfurnished,4.0,26.9
3188000,4000,5,1,2,yes,no,no,no,no,1,no,semi-furnished,8.0,13.3
3169000,3296,4,3,3,no,no,yes,no,no,0,no,unfurnished,8.0,22.6
3800000,4882,6,2,2,yes,yes,no,no,no,0,no,semi-furnished,6.0,1.2
4577000,9455,3,1,2,no,no,yes,no,no,3,no,unfurnished,21.0,0.6
4230000,6910,6,4,1,no,no,no,no,no,0,no,furnished,7.0,6.5
2804000,4243,3,2,1,yes,no,no,no,no,1,no,unfurnished,11.0,2.7
3854000,6760,3,1,1,yes,no,no,no,yes,1,no,unfurnished,27.0,14.1
4372000,8579,2,2,1,no,no,no,no,no,2,no,furnished,24.0,8.9
3922000,7534,2,1,1,yes,no,yes,no,no,0,yes,unfurnished,27.0,28.2
3625000,5631,4,3,1,no,yes,no,yes,no,2,no,unfurnished,4.0,2.4
3343000,4077,3,3,3,yes,no,yes,no,no,2,no,semi-furnished,0.0,5.3
4673000,7036,2,4,1,yes,no,no,no,yes,0,no,semi-furnished,4.0,5.6
4770000,6366,4,2,2,yes,yes,,no,yes,1,no,semi-furnished,,
4362000,7469,3,2,2,yes,no,yes,no,no,3,no,semi-furnished,29.0,7.1
4457000,6897,3,3,2,no,yes,no,no,yes,2,no,furnished,13.0,4.7
4942000,7809,3,1,2,yes,no,yes,no,no,2,no,furnished,1.0,4.7
3395000,4322,4,2,1,yes,no,no,no,yes,0,no,furnished,2.0,3.6
5029000,8398,4,2,1,yes,no,yes,no,no,1,no,semi-furnished,2.0,0.3
3641000,5935,3,1,2,yes,yes,no,no,no,1,no,furnished,12.0,5.9
5126000,10066,3,2,3,yes,yes,no,no,yes,0,no,unfurnished,16.0,3.3
3728000,3984,3,3,1,yes,no,yes,no,no,1,no,semi-furnished,24.0,0.3
4985000,9319,4,3,1,yes,no,no,no,no,2,no,unfurnished,34.0,2.9
3961000,5935,3,1,3,yes,no,no,yes,yes,1,no,furnished,3.0,2.6
2333000,4067,2,1,1,yes,yes,yes,no,no,2,no,semi-furnished,4.0,4.0
2534000,4435,2,1,2,yes,yes,no,no,no,2,no,semi-furnished,3.0,1.1
3846000,4795,3,3,2,no,no,yes,no,yes,1,yes,unfurnished,5.0,5.7
4096000,6433,3,1,1,yes,no,yes,no,no,2,no,unfurnished,30.0,9.4
4116000,6650,4,2,2,yes,yes,no,no,yes,0,no,unfurnished,10.0,8.0
3564000,4238,2,1,2,yes,no,no,no,yes,2,no,furnished,16.0,13.0
3101000,5446,3,2,1,yes,no,no,no,no,0,no,unfurnished,8.0,4.8
5091000,10213,4,2,2,yes,yes,no,no,no,0,no,semi-furnished,0.0,5.9
5145000,9301,4,3,3,yes,no,no,no,no,2,no,unfurnished,1.0,13.3
3909000,6460,3,1,2,yes,no,no,no,yes,1,yes,semi-furnished,9.0,4.5
3600000,5584,3,2,1,yes,no,,no,yes,3,no,semi-furnished,,
3699000,5764,3,1,2,yes,no,yes,no,yes,1,no,furnished,3.0,4.6
3568000,6850,5,2,2,yes,no,no,no,no,1,no,unfurnished,15.0,4.3
3373000,3250,2,3,3,yes,yes,no,no,no,1,no,semi-furnished,20.0,11.4
3604000,4934,5,1,2,no,no,yes,no,no,1,no,furnished,6.0,1.5
2788000,1829,4,3,1,yes,no,yes,no,yes,1,no,furnished,16.0,3.3
4311000,6378,3,2,2,yes,no,no,no,no,2,yes,unfurnished,6.0,2.0
3499000,6924,1,1,2,yes,yes,yes,no,no,2,no,semi-furnished,14.0,3.6
2163000,4437,3,2,1,yes,no,no,yes,no,2,no,unfurnished,17.0,2.1
5683000,8963,3,1,2,yes,no,no,no,yes,3,no,unfurnished,58.0,6.9
2120000,2803,2,2,1,yes,no,no,no,no,1,no,unfurnished,5.0,12.8
2987000,2278,4,3,2,yes,no,yes,no,no,2,yes,unfurnished,6.0,12.4
3090000,5994,6,1,1,yes,no,no,no,no,1,no,unfurnished,2.0,3.6
4379000,7804,3,2,2,no,yes,yes,no,yes,2,yes,semi-furnished,3.0,35.9
6431000,9205,4,3,3,yes,no,no,no,no,1,yes,furnished,14.0,7.2
4383000,4490,2,4,3,yes,no,no,no,yes,3,no,semi-furnished,30.0,4.1
5441000,7873,3,2,3,yes,no,no,no,yes,2,yes,semi-furnished,6.0,14.4
3793000,5415,2,4,4,yes,no,no,no,no,3,no,furnished,2.0,10.5
4393000,5120,4,2,1,yes,no,,no,no,2,yes,unfurnished,,
4928000,7444,5,2,2,yes,no,no,no,no,3,no,semi-furnished,7.0,1.7
5067000,6935,4,3,2,yes,yes,no,no,yes,2,no,unfurnished,4.0,5.1
2402000,2032,2,2,3,yes,no,yes,no,no,1,no,semi-furnished,3.0,15.8
4072000,8748,3,2,1,yes,no,yes,no,no,1,no,semi-furnished,16.0,5.6
4563000,8536,3,2,4,no,yes,no,no,yes,1,no,semi-furnished,0.0,9.2
3492000,4124,3,3,2,yes,yes,no,no,no,0,yes,semi-furnished,9.0,7.1
4422000,6371,4,3,3,yes,yes,no,no,no,1,no,unfurnished,19.0,14.8
3600000,6587,4,2,1,yes,no,no,no,no,1,no,furnished,4.0,2.7
4303000,6073,4,1,1,yes,no,no,yes,yes,1,yes,semi-furnished,11.0,6.9
3015000,4289,3,2,3,no,yes,no,no,no,3,no,unfurnished,13.0,1.1
4012000,4022,3,2,1,yes,yes,no,no,yes,3,yes,semi-furnished,13.0,9.4
3767000,5444,2,1,3,yes,no,yes,no,yes,0,no,semi-furnished,7.0,10.5
4878000,8080,3,3,1,yes,no,no,no,yes,1,yes,semi-furnished,5.0,0.4
5470000,6696,3,2,2,yes,yes,yes,no,yes,1,yes,furnished,22.0,9.0
2498000,4685,4,1,2,no,no,no,no,no,1,no,semi-furnished,17.0,4.3
4667000,7198,4,1,2,yes,no,no,yes,no,2,no,unfurnished,5.0,1.1
969000,700,2,1,2,no,no,no,no,no,1,no,semi-furnished,1.0,4.4
5377000,8027,3,4,1,yes,no,yes,no,yes,1,no,furnished,1.0,1.7
1951000,1673,2,1,1,yes,no,yes,no,no,2,no,semi-furnished,1.0,4.3
3065000,4703,2,1,1,yes,yes,no,no,no,2,no,furnished,10.0,3.9
2954000,3037,4,2,2,yes,yes,no,no,no,0,no,unfurnished,1.0,10.7
2065000,2652,1,1,2,yes,no,no,no,no,2,no,semi-furnished,5.0,11.9
4630000,8054,3,1,2,yes,no,no,no,yes,1,no,unfurnished,17.0,7.5
3524000,4471,2,1,2,yes,no,yes,no,no,1,yes,semi-furnished,4.0,0.3
3794000,6262,5,2,2,yes,no,yes,no,yes,0,no,unfurnished,17.0,21.4
4179000,5397,3,2,2,yes,yes,yes,no,no,1,yes,semi-furnished,16.0,9.3
3619000,6549,2,2,1,no,no,yes,yes,no,1,no,furnished,3.0,0.3
3441000,5669,3,2,1,yes,no,no,no,no,1,yes,furnished,16.0,13.7
3403000,2677,4,4,4,yes,no,yes,no,no,2,no,semi-furnished,17.0,1.8
5233000,7692,6,2,3,yes,no,yes,no,no,2,no,semi-furnished,6.0,6.9
2664000,4414,2,1,1,no,no,no,no,yes,0,no,semi-furnished,3.0,5.0
2997000,2076,5,1,2,yes,no,no,no,no,0,yes,unfurnished,9.0,4.4
4073000,4558,5,2,3,yes,no,no,no,no,2,no,furnished,31.0,17.6
6225000,8802,5,3,2,yes,no,no,yes,yes,0,yes,semi-furnished,12.0,4.6
4806000,7370,4,1,1,yes,yes,yes,no,yes,3,no,unfurnished,2.0,0.6
3656000,4733,4,2,1,yes,no,no,yes,yes,2,no,semi-furnished,14.0,23.4
2942000,4732,3,1,2,no,no,yes,no,no,1,no,unfurnished,7.0,20.3
4077000,4792,4,2,4,yes,no,no,no,no,0,yes,semi-furnished,11.0,9.2
5989000,10069,3,3,2,yes,no,no,no,yes,0,yes,semi-furnished,16.0,5.0
4204000,6340,4,1,1,no,no,no,no,no,0,no,furnished,9.0,0.8
3582000,6446,3,2,1,yes,no,no,no,no,0,yes,unfurnished,20.0,12.5
5321000,7767,4,1,3,no,no,,no,yes,2,yes,unfurnished,,0.6
3220000,6025,4,2,3,no,yes,no,no,no,0,no,unfurnished,11.0,0.6
3669000,4930,2,1,2,yes,no,yes,no,yes,1,no,semi-furnished,2.0,6.2
4521000,5068,4,3,2,yes,no,no,no,no,1,yes,unfurnished,22.0,1.4
2791000,5342,3,1,1,yes,no,yes,no,yes,1,no,semi-furnished,33.0,0.3
4298000,5418,4,3,3,yes,no,no,no,yes,0,no,semi-furnished,2.0,4.4
5145000,7101,3,2,3,yes,no,yes,no,yes,0,yes,unfurnished,8.0,1.2
4042000,5614,3,2,1,yes,no,yes,no,yes,0,no,furnished,4.0,1.4
4586000,7112,5,1,2,yes,no,no,no,no,2,no,furnished,17.0,0.6
4127000,5322,3,3,1,yes,yes,yes,no,yes,1,no,semi-furnished,15.0,1.8
3323000,5673,4,1,1,yes,no,no,no,no,2,yes,unfurnished,2.0,10.1
2724000,1104,3,1,1,yes,no,yes,no,yes,1,no,semi-furnished,25.0,13.2
3912000,7516,3,2,1,yes,no,no,no,no,1,no,semi-furnished,2.0,4.8
3247000,6262,3,1,1,no,yes,no,no,no,1,no,unfurnished,19.0,5.7
4398000,7696,3,1,2,yes,no,no,no,no,2,yes,semi-furnished,7.0,0.3
2301000,700,3,4,2,yes,no,no,no,yes,1,yes,furnished,5.0,0.6
5090000,10094,1,4,2,yes,no,yes,no,no,0,no,semi-furnished,2.0,2.4
2935000,5193,3,2,1,yes,no,no,no,yes,1,no,unfurnished,2.0,6.3
5075000,7938,1,3,1,yes,yes,yes,no,yes,1,no,furnished,13.0,10.8
2738000,3212,6,2,2,no,no,no,no,no,1,no,semi-furnished,10.0,7.4
4395000,6848,6,1,2,yes,no,no,no,no,2,no,furnished,2.0,4.0
2238000,3182,3,2,1,yes,no,no,no,no,1,no,semi-furnished,1.0,1.0
3636000,4128,4,2,3,yes,yes,yes,no,no,2,no,semi-furnished,1.0,12.1
5379000,9711,3,4,2,yes,no,yes,no,no,1,no,semi-furnished,16.0,3.6
3908000,5080,4,1,3,yes,no,yes,no,no,2,no,semi-furnished,15.0,10.7
3961000,5978,4,2,2,yes,no,no,no,no,2,no,unfurnished,1.0,5.8
3933000,7414,5,1,1,yes,no,yes,no,no,1,no,unfurnished,10.0,10.7
3858000,6591,3,1,2,yes,no,no,no,no,2,no,unfurnished,1.0,19.0
3605000,5831,4,1,1,yes,no,yes,no,yes,2,no,unfurnished,28.0,20.3
4863000,6303,3,4,2,yes,yes,yes,no,yes,1,no,furnished,29.0,6.1
5540000,10788,6,3,1,yes,yes,no,no,no,1,no,semi-furnished,14.0,5.7
3724000,5373,1,3,3,yes,no,yes,no,yes,2,no,unfurnished,31.0,2.5
4414000,5942,4,2,1,yes,yes,no,no,yes,1,yes,semi-furnished,20.0,22.0
4819000,7811,4,1,3,yes,no,no,yes,no,0,no,unfurnished,21.0,4.9
5097000,7932,4,1,3,yes,yes,yes,no,no,2,yes,furnished,10.0,1.1
4949000,8111,2,1,2,yes,yes,no,no,no,0,no,semi-furnished,4.0,4.5
5142000,6905,5,2,2,yes,yes,no,no,yes,2,no,semi-furnished,3.0,1.1
2645000,2985,2,3,2,yes,no,yes,no,yes,2,no,semi-furnished,5.0,5.6
5370000,9094,4,2,3,yes,no,yes,no,yes,3,no,semi-furnished,12.0,6.6
2676000,2978,2,1,2,yes,no,no,no,no,0,no,semi-furnished,2.0,3.3
4032000,6166,3,1,3,no,no,yes,no,no,1,no,semi-furnished,4.0,0.6
2695000,3841,3,1,2,no,no,no,no,no,1,yes,semi-furnished,8.0,23.0
4008000,5359,3,2,3,yes,no,no,no,yes,1,no,furnished,3.0,11.9
3903000,6223,2,4,2,yes,no,yes,no,no,0,yes,unfurnished,11.0,14.6
4375000,6207,2,2,2,yes,no,no,no,no,1,yes,semi-furnished,31.0,3.7
4431000,6428,3,3,3,yes,no,no,no,yes,1,yes,semi-furnished,17.0,11.4
5693000,9050,4,2,3,yes,no,no,no,no,0,yes,semi-furnished,13.0,5.3
4444000,6498,5,2,2,no,no,no,no,no,2,no,unfurnished,10.0,1.8
2888000,4963,2,1,1,yes,no,no,no,no,2,no,semi-furnished,8.0,1.1
5401000,7621,3,3,2,yes,no,yes,no,no,2,yes,unfurnished,2.0,3.4
5557000,8117,2,3,4,yes,yes,no,no,no,3,no,semi-furnished,27.0,1.2
2207000,2799,1,1,3,yes,no,no,no,no,1,yes,semi-furnished,3.0,45.0
4728000,6814,4,2,3,yes,yes,no,yes,no,3,no,semi-furnished,1.0,0.4
4083000,7043,4,2,1,yes,no,no,no,no,2,no,semi-furnished,17.0,4.7
3576000,4845,2,2,2,yes,no,no,no,yes,1,yes,semi-furnished,2.0,4.8
4461000,8527,2,4,2,yes,no,no,no,no,0,no,unfurnished,6.0,2.9
3561000,5170,1,2,3,yes,yes,no,no,no,1,no,furnished,0.0,6.8
3634000,5776,4,2,1,yes,yes,no,no,no,1,no,unfurnished,2.0,1.3
3923000,5119,6,1,3,no,yes,no,no,yes,1,no,unfurnished,2.0,12.3
2995000,5534,2,1,2,yes,no,yes,no,yes,1,no,unfurnished,1.0,3.2
2585000,3088,2,1,1,yes,no,no,yes,yes,2,no,semi-furnished,13.0,7.2
3367000,2332,5,1,1,yes,no,yes,no,yes,1,yes,unfurnished,22.0,10.1
5226000,9008,5,2,1,yes,no,yes,no,yes,0,yes,semi-furnished,6.0,17.6
3220000,3637,3,2,2,yes,no,yes,yes,no,2,no,furnished,25.0,14.5
1822000,3319,2,1,1,yes,no,no,no,no,1,yes,unfurnished,3.0,7.5
2093000,763,1,3,1,yes,yes,no,yes,no,3,yes,furnished,5.0,3.9
3118000,4094,3,1,3,yes,yes,no,no,no,0,no,unfurnished,2.0,5.6
2349000,2589,3,1,1,yes,no,yes,no,no,3,no,furnished,12.0,11.7
4634000,9112,1,1,1,yes,no,no,no,no,0,no,furnished,7.0,16.8
4772000,7722,3,2,2,no,no,yes,no,yes,0,no,furnished,11.0,0.9
2679000,3986,1,1,2,no,no,yes,no,yes,0,no,semi-furnished,17.0,3.9
5511000,10455,4,2,3,no,no,no,no,no,2,yes,furnished,9.0,12.0
4667000,7660,3,2,2,yes,no,no,no,yes,2,no,furnished,12.0,4.5
2983000,4785,1,4,3,no,yes,,no,no,1,no,unfurnished,33.0,3.2
1527000,700,3,1,2,yes,no,no,no,yes,3,no,unfurnished,4.0,4.2
5402000,10540,3,1,1,yes,no,no,no,no,1,yes,unfurnished,5.0,7.4
2735000,2443,6,1,1,yes,yes,,no,no,2,no,unfurnished,,
2948000,1880,3,2,2,yes,no,yes,no,no,2,yes,semi-furnished,11.0,5.4
4073000,7750,3,1,2,yes,no,no,no,yes,1,no,unfurnished,2.0,1.9
6493000,10867,4,3,2,yes,no,yes,no,yes,1,no,semi-furnished,6.0,1.4
4551000,8545,3,2,2,yes,no,no,no,no,3,yes,semi-furnished,8.0,0.3
4814000,6741,5,2,2,yes,no,no,no,no,3,no,unfurnished,7.0,6.5
3643000,6808,3,2,1,yes,no,no,no,no,3,no,furnished,2.0,6.3
3744000,7378,3,1,1,yes,no,no,no,no,3,yes,unfurnished,31.0,1.8
4145000,7170,2,1,2,yes,yes,no,no,no,0,yes,semi-furnished,17.0,9.5
4302000,6119,3,1,2,yes,no,yes,no,no,2,yes,furnished,8.0,10.8
3641000,5729,4,2,2,no,no,no,no,no,1,no,furnished,14.0,2.4
3496000,5362,4,1,1,yes,yes,no,no,yes,3,no,furnished,27.0,3.4
2985000,3841,2,1,2,yes,no,yes,no,yes,1,no,unfurnished,2.0,37.2
3375000,4883,2,4,3,yes,no,no,no,no,1,yes,unfurnished,3.0,3.8
1979000,1775,4,1,1,yes,no,yes,no,no,1,yes,semi-furnished,9.0,11.4
4093000,5284,5,3,2,yes,no,yes,no,no,1,no,semi-furnished,19.0,4.8
2838000,3325,2,3,4,yes,no,no,no,yes,0,no,furnished,0.0,12.6
2463000,3072,3,1,1,no,no,no,no,yes,2,no,unfurnished,50.0,11.7
3209000,5896,3,1,2,yes,no,no,no,no,2,no,furnished,7.0,8.8
5291000,8562,5,1,1,yes,no,yes,no,yes,0,no,unfurnished,5.0,15.4
4657000,7520,2,2,2,yes,no,no,no,no,2,yes,unfurnished,4.0,22.4
2807000,2045,2,2,1,yes,no,yes,no,yes,2,no,unfurnished,2.0,6.9
4068000,3323,4,3,4,yes,yes,no,no,no,1,no,semi-furnished,19.0,2.2
4728000,7570,2,4,2,yes,no,no,no,no,1,yes,unfurnished,37.0,4.1
2795000,3339,3,2,3,yes,no,no,no,yes,2,no,semi-furnished,6.0,11.4
3179000,5006,3,1,2,yes,no,no,no,yes,2,no,unfurnished,37.0,8.4
3402000,6710,3,1,2,yes,no,no,no,no,1,no,unfurnished,21.0,1.6
2832000,3370,3,3,2,yes,no,no,no,no,2,no,semi-furnished,8.0,0.4
3404000,5732,3,1,3,yes,no,no,no,no,0,no,semi-furnished,13.0,9.2
2035000,2565,2,1,4,yes,no,no,no,no,1,no,unfurnished,7.0,2.3
2877000,4177,3,2,2,yes,no,no,no,yes,0,no,unfurnished,10.0,5.5
4055000,6204,4,2,3,yes,no,no,no,yes,0,no,unfurnished,1.0,11.0
3398000,1995,4,3,2,yes,no,no,no,no,2,yes,furnished,14.0,6.6
4825000,6469,2,2,2,yes,no,yes,no,yes,3,no,furnished,1.0,0.7
2556000,5457,2,1,2,yes,no,yes,no,no,1,no,unfurnished,20.0,1.6
4262000,6715,3,4,1,yes,yes,no,no,no,0,no,furnished,21.0,2.0
3923000,5993,3,1,1,yes,yes,no,no,yes,2,no,furnished,3.0,2.4
4489000,8501,3,1,1,yes,yes,no,no,no,2,yes,furnished,5.0,6.7
4680000,5775,4,2,2,yes,no,yes,no,yes,2,yes,semi-furnished,8.0,5.6
3219000,4555,2,1,2,yes,no,no,no,yes,2,no,semi-furnished,11.0,1.8
3504000,5769,1,2,2,yes,no,no,no,no,1,no,semi-furnished,4.0,0.6
4688000,6695,3,1,4,yes,yes,no,no,no,2,yes,furnished,11.0,1.5
3861000,5607,4,2,2,yes,no,yes,no,yes,0,yes,unfurnished,4.0,33.3
3994000,5589,2,2,2,yes,no,no,no,no,1,no,unfurnished,1.0,5.1
3969000,3956,4,3,1,yes,no,no,no,no,1,yes,furnished,0.0,16.2
3778000,4042,3,3,1,yes,no,yes,no,yes,1,no,furnished,1.0,15.1
3586000,2414,5,1,3,yes,yes,no,no,no,3,yes,semi-furnished,19.0,5.7
5044000,9349,5,2,2,no,no,,no,no,2,no,unfurnished,,9.8
3582000,2764,3,2,3,yes,yes,yes,no,no,0,yes,unfurnished,7.0,1.7
2507000,3976,2,1,1,yes,no,no,no,yes,0,no,unfurnished,9.0,9.3
3250000,3920,3,3,2,yes,no,yes,no,no,1,no,unfurnished,2.0,2.5
4673000,7469,2,2,1,yes,no,yes,no,no,1,yes,furnished,10.0,14.3
3954000,4851,4,1,1,no,no,no,no,yes,2,no,furnished,2.0,0.7
5508000,8245,4,2,1,yes,yes,no,no,yes,3,no,semi-furnished,11.0,11.9
3583000,4018,4,1,1,no,no,no,yes,yes,3,yes,unfurnished,32.0,0.8
4364000,6114,4,2,1,yes,no,yes,no,yes,2,no,semi-furnished,3.0,17.0
3083000,3662,3,1,1,yes,yes,no,no,yes,2,no,unfurnished,17.0,2.9
5918000,10219,2,4,4,yes,no,no,no,no,1,no,unfurnished,0.0,8.5
3810000,2887,4,3,1,yes,no,no,no,yes,0,yes,unfurnished,6.0,5.3
3684000,6182,3,2,1,yes,no,no,no,no,1,no,furnished,1.0,3.6
4997000,6894,4,2,1,yes,no,no,no,no,1,yes,furnished,5.0,8.3
4308000,6410,3,3,2,yes,yes,no,yes,no,2,no,unfurnished,2.0,23.6
3370000,5092,2,2,1,yes,no,no,no,no,0,no,furnished,6.0,0.3
4949000,5214,6,1,3,yes,no,yes,yes,yes,1,no,furnished,6.0,20.1
3849000,5596,2,2,4,yes,no,yes,no,no,1,no,unfurnished,4.0,7.5
4795000,5177,6,3,1,yes,no,yes,no,no,3,yes,unfurnished,13.0,13.2
5195000,7621,6,2,2,yes,no,yes,no,yes,1,no,furnished,30.0,3.9
6689000,10363,4,2,1,yes,yes,yes,no,yes,2,yes,unfurnished,6.0,5.1
4143000,4274,4,3,2,yes,no,no,no,yes,2,no,furnished,3.0,16.3
2915000,2486,3,3,2,no,no,yes,no,yes,1,no,semi-furnished,4.0,4.3
4474000,5306,5,3,1,yes,no,no,no,yes,1,no,semi-furnished,23.0,6.1
6889000,11175,3,1,1,yes,no,no,yes,yes,2,yes,unfurnished,10.0,0.3
3209000,3732,3,2,2,yes,yes,yes,no,yes,1,no,furnished,7.0,1.4
5000000,9106,4,2,2,yes,yes,no,no,no,3,no,semi-furnished,2.0,8.2
6394000,9191,3,3,1,yes,yes,yes,no,yes,0,no,furnished,7.0,10.1
3041000,4282,3,2,2,yes,no,no,no,no,0,no,unfurnished,4.0,7.0
4097000,6752,3,1,2,yes,no,no,no,no,2,yes,unfurnished,34.0,1.2
5245000,9082,3,3,3,yes,no,yes,no,no,2,no,semi-furnished,26.0,4.7
4580000,4666,5,2,1,yes,yes,no,no,yes,3,no,furnished,1.0,3.5
4298000,5052,2,1,3,no,yes,no,no,no,2,yes,semi-furnished,9.0,5.5
4097000,4220,5,2,2,yes,no,yes,no,yes,3,yes,semi-furnished,3.0,16.3
2395000,3268,4,1,1,yes,no,no,no,no,2,no,unfurnished,6.0,12.0
2875000,4072,4,1,2,yes,no,no,no,no,2,no,semi-furnished,25.0,0.7
3191000,2807,3,1,2,yes,no,yes,no,yes,1,yes,unfurnished,9.0,17.7
4964000,5575,4,2,3,yes,no,no,no,yes,1,yes,semi-furnished,5.0,5.1
3648000,3806,1,2,1,yes,yes,yes,no,yes,3,no,semi-furnished,3.0,10.9
4567000,6014,4,2,2,yes,yes,no,no,yes,1,no,semi-furnished,19.0,1.2
3066000,2077,1,2,2,no,yes,yes,no,yes,1,no,semi-furnished,12.0,8.9
4376000,6228,5,3,4,yes,yes,no,no,no,1,no,unfurnished,8.0,2.2
4750000,7334,6,1,1,yes,yes,no,no,yes,1,yes,unfurnished,3.0,4.6
2786000,1114,3,1,4,yes,no,yes,yes,no,1,no,semi-furnished,5.0,0.3
4504000,6323,2,3,3,yes,no,yes,no,no,0,yes,furnished,39.0,1.3
4161000,8201,4,1,1,yes,no,yes,no,no,2,no,furnished,9.0,0.8
3409000,2839,3,4,3,yes,no,no,no,no,1,yes,semi-furnished,6.0,2.2
5532000,9180,5,3,4,no,no,yes,no,no,1,no,unfurnished,9.0,0.8
3116000,6422,2,2,1,yes,yes,no,no,no,0,no,unfurnished,18.0,9.4
2981000,3949,2,4,2,yes,no,no,no,no,0,no,furnished,5.0,0.3
4092000,5377,6,1,2,yes,no,no,no,yes,0,no,furnished,2.0,7.7
3612000,6728,4,1,1,yes,no,yes,no,no,2,no,semi-furnished,11.0,1.2
3438000,5667,4,2,1,yes,no,no,no,no,0,no,unfurnished,13.0,23.2
3168000,6685,3,2,1,yes,yes,no,no,no,3,no,semi-furnished,15.0,21.6
3103000,3475,4,3,1,no,no,no,no,no,0,yes,semi-furnished,26.0,2.0
3960000,5873,3,1,2,yes,yes,no,no,yes,0,no,semi-furnished,6.0,7.6
2948000,2390,4,2,1,yes,no,no,no,no,0,yes,furnished,1.0,0.3
3736000,5255,4,2,3,yes,no,no,no,no,0,no,semi-furnished,38.0,21.5
3087000,3511,3,2,2,yes,yes,no,no,yes,2,yes,unfurnished,7.0,5.9
2566000,3882,3,1,1,yes,yes,yes,no,no,2,no,unfurnished,12.0,0.4
4885000,8219,3,2,2,yes,yes,,no,yes,2,no,semi-furnished,13.0,3.4
5667000,7901,4,3,2,yes,yes,no,no,no,0,yes,furnished,9.0,0.6
3934000,6840,2,1,4,yes,no,yes,no,no,1,no,unfurnished,3.0,4.0
3768000,3097,4,3,1,yes,no,no,no,yes,1,no,unfurnished,17.0,8.9
3683000,4804,2,2,1,yes,yes,no,no,yes,3,yes,furnished,20.0,5.1
4613000,8169,4,3,3,yes,no,no,no,yes,0,no,unfurnished,10.0,3.9
4673000,5812,4,2,3,yes,no,yes,no,no,2,no,unfurnished,8.0,1.0
5215000,10603,2,1,2,yes,yes,,no,no,1,yes,semi-furnished,,
4631000,6365,2,2,3,yes,yes,yes,no,yes,1,no,semi-furnished,1.0,0.8
3469000,5923,2,3,1,yes,no,yes,no,yes,1,no,unfurnished,5.0,13.2
3116000,4820,4,2,2,yes,yes,no,no,no,0,yes,unfurnished,4.0,1.2
3995000,5794,4,4,1,yes,no,no,no,no,2,no,furnished,37.0,7.2
3791000,5165,1,2,1,yes,yes,yes,no,yes,0,no,furnished,18.0,3.4
4222000,7058,4,1,3,yes,no,no,no,yes,2,no,furnished,13.0,2.0
4069000,7605,3,2,1,yes,no,no,no,no,0,no,unfurnished,9.0,8.2
3920000,3771,3,4,2,yes,no,yes,no,no,3,no,semi-furnished,2.0,4.9
1759000,2571,5,1,3,no,no,no,no,no,0,no,semi-furnished,46.0,4.1
2169000,1460,3,3,1,yes,no,yes,no,no,2,no,unfurnished,6.0,7.2
5504000,6618,3,3,4,yes,yes,no,no,no,2,yes,semi-furnished,1.0,5.4
2477000,3073,1,2,4,no,no,no,no,no,3,no,unfurnished,8.0,2.9
1215000,764,2,1,2,yes,no,no,no,no,1,no,semi-furnished,25.0,6.6
4603000,6355,3,2,1,yes,no,yes,no,yes,2,yes,semi-furnished,26.0,8.9
4832000,10985,1,1,1,yes,no,no,no,yes,1,no,semi-furnished,0.0,0.3
4611000,5487,4,3,2,yes,yes,yes,no,yes,0,no,unfurnished,26.0,5.0
4328000,7345,3,2,1,yes,no,no,no,no,1,no,unfurnished,4.0,0.5
3585000,5680,3,2,1,yes,no,no,no,no,0,no,furnished,0.0,1.7
4566000,5282,2,3,4,yes,no,no,yes,yes,3,yes,unfurnished,23.0,6.6
3350000,7522,3,2,1,yes,no,no,no,no,0,no,unfurnished,24.0,16.1
3427000,4861,4,2,2,yes,yes,no,no,yes,1,no,furnished,11.0,17.2
4499000,6088,6,2,1,yes,no,no,no,yes,2,no,furnished,10.0,0.6
4377000,6208,2,2,2,yes,no,yes,no,yes,1,yes,semi-furnished,20.0,4.3
3814000,4030,5,2,3,yes,no,no,no,no,2,no,semi-furnished,19.0,7.0
4543000,7682,3,3,1,yes,no,no,no,no,0,no,semi-furnished,26.0,1.3
3616000,5115,3,2,1,yes,no,no,no,no,1,yes,semi-furnished,10.0,11.6
3255000,3837,3,2,2,yes,yes,no,no,no,1,no,semi-furnished,41.0,10.9
3328000,6680,2,2,2,yes,no,no,no,no,3,no,furnished,67.0,18.7
3206000,3523,2,1,2,yes,no,yes,no,no,2,no,furnished,1.0,0.3
3459000,5562,4,1,1,yes,no,no,no,yes,3,no,semi-furnished,23.0,2.0
4520000,5480,3,4,1,yes,no,yes,no,yes,0,no,semi-furnished,8.0,14.0
5358000,7889,5,2,4,yes,no,yes,no,yes,1,no,semi-furnished,6.0,8.9
3098000,6544,3,2,3,yes,yes,no,no,no,0,no,unfurnished,11.0,18.0
4284000,5445,2,2,2,no,yes,no,no,yes,0,yes,furnished,1.0,0.5
4856000,7299,4,1,3,yes,no,no,no,yes,0,no,furnished,8.0,7.3
4591000,8558,3,2,2,yes,no,no,no,no,2,no,furnished,25.0,6.7
4469000,6727,3,2,2,yes,no,yes,yes,yes,0,no,semi-furnished,3.0,0.3
3514000,5523,4,2,1,yes,no,,no,no,1,no,unfurnished,,
2490000,2614,5,2,2,yes,no,no,no,no,2,yes,semi-furnished,34.0,7.5
2208000,3157,4,1,2,yes,no,no,no,yes,2,no,semi-furnished,7.0,1.7
3870000,4829,4,1,1,yes,no,no,no,yes,1,no,semi-furnished,5.0,2.6
3644000,4159,4,4,2,yes,no,no,no,yes,1,no,semi-furnished,7.0,8.2
5290000,5089,5,2,3,yes,yes,no,no,yes,1,yes,semi-furnished,9.0,5.1
3868000,5625,3,2,2,yes,no,no,no,no,0,no,semi-furnished,12.0,15.6
4635000,6665,1,1,2,yes,no,yes,no,no,2,yes,furnished,19.0,3.4
3319000,5345,3,1,3,yes,no,no,no,yes,1,no,unfurnished,7.0,2.5
3165000,6570,2,2,1,yes,yes,no,no,yes,2,no,semi-furnished,20.0,33.5
3494000,5642,4,2,2,yes,no,no,yes,no,2,no,semi-furnished,9.0,19.4
2630000,1154,4,2,3,no,no,no,no,yes,2,yes,semi-furnished,5.0,0.3
2518000,3433,3,1,2,yes,yes,no,yes,yes,1,yes,unfurnished,13.0,11.8
2532000,5183,1,2,1,no,no,no,no,no,0,no,furnished,15.0,0.9
2695000,2839,4,1,1,yes,no,yes,no,no,2,no,furnished,10.0,0.3
3478000,6820,3,1,3,yes,no,no,no,no,1,no,semi-furnished,1.0,2.6
4821000,8868,4,2,2,yes,yes,yes,no,no,0,no,semi-furnished,2.0,2.5
4868000,8181,3,1,3,yes,yes,yes,no,yes,0,no,furnished,4.0,13.7
3594000,5030,3,1,2,yes,no,yes,no,no,0,yes,unfurnished,4.0,9.9
4486000,8780,2,2,2,yes,no,yes,no,yes,2,no,semi-furnished,13.0,32.0
3580000,5827,2,2,3,yes,yes,no,no,no,0,no,unfurnished,0.0,9.9
3969000,4758,4,3,2,yes,yes,no,yes,no,1,no,semi-furnished,17.0,4.3
3897000,4151,5,2,2,yes,no,,yes,yes,1,no,unfurnished,,9.6
3094000,4835,4,1,2,yes,yes,no,no,yes,1,no,semi-furnished,4.0,45.0
2910000,4646,2,1,3,yes,no,yes,no,yes,2,no,semi-furnished,9.0,9.9
4911000,5875,3,4,2,yes,no,no,no,yes,2,no,unfurnished,3.0,11.5
4799000,5853,4,2,2,yes,no,yes,no,yes,1,yes,furnished,26.0,22.3
3916000,5507,4,2,1,yes,no,yes,no,no,0,no,unfurnished,1.0,1.0
3649000,6461,2,1,3,yes,no,yes,no,no,1,no,semi-furnished,7.0,9.8
4064000,8119,1,2,1,yes,yes,no,no,yes,2,no,unfurnished,23.0,15.2
4530000,7589,4,1,2,yes,no,no,no,yes,1,no,semi-furnished,11.0,24.7
2538000,2233,3,2,2,yes,no,yes,no,yes,2,yes,unfurnished,4.0,1.9
1963000,700,3,3,2,yes,no,no,no,yes,0,no,furnished,7.0,5.6
4929000,7556,1,4,2,yes,no,yes,no,yes,2,yes,semi-furnished,15.0,9.1
2219000,2493,3,2,1,yes,no,no,no,no,0,yes,unfurnished,43.0,2.3
4062000,5006,5,2,2,yes,yes,no,no,yes,2,yes,unfurnished,27.0,7.3
4490000,2926,6,4,3,yes,no,yes,no,no,1,yes,furnished,5.0,2.4
1978000,1536,3,2,3,yes,no,no,no,no,2,no,semi-furnished,76.0,3.2
4007000,6691,3,1,1,yes,no,no,no,no,0,no,semi-furnished,0.0,4.7
5489000,7170,2,2,3,yes,yes,no,no,yes,1,no,furnished,0.0,6.0
2285000,4232,3,1,2,no,yes,no,no,no,2,no,semi-furnished,21.0,4.8
2265000,700,3,2,3,yes,yes,no,no,no,0,yes,unfurnished,3.0,5.4
4140000,4298,4,2,2,yes,no,no,no,yes,2,yes,semi-furnished,1.0,2.8
4011000,6362,3,2,2,no,no,no,no,yes,2,no,semi-furnished,3.0,1.4
1795000,2246,2,2,3,yes,no,no,no,no,1,no,unfurnished,7.0,0.4
3396000,5903,2,1,3,no,no,no,yes,yes,1,no,furnished,16.0,1.7
4082000,5466,3,2,2,yes,yes,no,no,no,1,yes,semi-furnished,12.0,7.0
3646000,6774,2,3,1,yes,no,no,no,yes,1,no,unfurnished,3.0,12.3
3710000,5763,2,2,2,yes,no,no,no,yes,1,no,unfurnished,8.0,1.5
3162000,3359,6,1,2,yes,no,no,no,yes,2,no,unfurnished,31.0,0.9
5236000,8132,3,4,1,yes,no,no,no,yes,1,yes,unfurnished,20.0,11.1
3211000,5151,3,3,1,yes,no,no,no,no,0,no,furnished,5.0,2.9
3517000,5440,5,1,3,yes,no,yes,no,no,0,no,semi-furnished,48.0,24.2
2501000,3447,6,1,1,yes,yes,no,no,no,0,no,unfurnished,15.0,10.0
3405000,4525,3,2,2,yes,no,no,no,no,1,no,furnished,1.0,3.2
4218000,3553,4,3,1,yes,yes,no,no,yes,2,no,furnished,0.0,2.7
3621000,5120,3,4,1,no,no,yes,no,no,2,no,unfurnished,2.0,5.9
5087000,9266,3,3,1,yes,yes,yes,no,no,0,no,unfurnished,16.0,0.7
2967000,2482,3,2,1,yes,no,no,yes,no,3,no,semi-furnished,2.0,1.0
1917000,1950,4,2,3,yes,no,no,no,no,1,no,unfurnished,9.0,1.5
5349000,8737,4,1,3,yes,no,no,no,no,3,no,unfurnished,1.0,11.9
2747000,5039,3,1,1,yes,no,no,no,yes,2,no,unfurnished,30.0,5.8
3243000,4028,2,2,2,yes,yes,no,no,no,2,no,unfurnished,5.0,0.3
5303000,7788,4,2,2,yes,no,no,no,yes,0,yes,semi-furnished,29.0,9.0
2328000,4168,2,2,3,yes,no,no,no,no,0,no,unfurnished,35.0,4.4
5976000,9517,3,2,3,yes,no,no,no,yes,0,yes,unfurnished,0.0,5.7
4187000,6991,4,1,2,yes,no,no,no,no,2,no,unfurnished,7.0,1.9
4280000,4427,4,2,2,yes,no,no,no,no,1,yes,unfurnished,0.0,6.4
5648000,10246,4,1,3,yes,no,no,no,no,2,yes,furnished,29.0,31.0
3795000,4167,5,2,1,no,yes,yes,no,no,1,yes,furnished,9.0,0.6
4305000,7133,3,3,2,no,yes,yes,no,no,2,no,semi-furnished,1.0,2.7
3413000,6158,4,2,3,yes,yes,no,no,no,0,no,unfurnished,1.0,2.2
5624000,8364,4,4,2,yes,no,no,no,yes,0,yes,unfurnished,6.0,2.3
4328000,8935,2,1,2,no,no,no,no,no,1,yes,semi-furnished,34.0,3.8
3329000,5570,1,2,2,yes,no,yes,no,no,1,no,semi-furnished,14.0,13.6
1733000,3842,3,1,1,yes,no,no,no,no,1,no,unfurnished,24.0,19.5
4325000,6512,3,2,2,yes,no,no,no,no,2,yes,semi-furnished,5.0,1.8
4114000,4009,4,3,2,no,no,no,no,yes,0,yes,furnished,1.0,6.3
5790000,9929,4,2,2,yes,yes,no,no,yes,1,no,semi-furnished,44.0,8.1
3123000,5800,2,3,2,yes,yes,no,no,no,2,no,unfurnished,0.0,5.9
3042000,4696,2,1,3,yes,no,no,yes,no,0,no,unfurnished,35.0,4.6
4348000,5906,6,3,1,yes,no,no,no,no,3,no,semi-furnished,6.0,1.7
2432000,2536,2,1,2,yes,no,yes,no,no,3,no,furnished,0.0,5.4
2200000,3362,3,3,2,yes,no,yes,no,no,0,no,semi-furnished,14.0,4.1
4578000,8141,3,1,2,yes,no,yes,no,no,1,no,unfurnished,47.0,12.7
2918000,4055,3,1,1,yes,no,yes,no,no,1,yes,unfurnished,40.0,11.5
2951000,3197,2,2,2,yes,no,yes,no,yes,2,yes,semi-furnished,2.0,1.2
4965000,6681,2,4,3,yes,no,yes,yes,no,1,no,furnished,2.0,0.7
4283000,8109,2,1,2,yes,yes,yes,no,no,2,no,unfurnished,10.0,19.1
5334000,7082,3,2,3,yes,yes,yes,no,no,2,yes,semi-furnished,12.0,6.1
5296000,7691,3,3,4,yes,yes,yes,yes,yes,0,no,furnished,16.0,15.6
3063000,3835,2,2,1,yes,no,yes,no,yes,2,no,unfurnished,2.0,0.5
1800000,2372,4,1,1,yes,no,no,no,no,2,no,unfurnished,38.0,6.0
5323000,8803,4,2,4,no,yes,no,no,yes,1,no,unfurnished,12.0,6.2
3168000,4790,1,2,4,yes,no,yes,no,yes,2,no,semi-furnished,23.0,15.8
3992000,4948,3,3,1,yes,yes,no,no,yes,2,yes,semi-furnished,9.0,0.8
4847000,8422,4,3,1,yes,no,no,no,no,0,no,furnished,6.0,2.2
3324000,6724,3,2,1,yes,no,no,no,no,1,no,furnished,45.0,4.2
4864000,6503,3,4,4,no,no,yes,no,no,1,no,semi-furnished,10.0,16.1
6007000,10263,4,2,1,yes,no,no,no,yes,0,no,furnished,24.0,22.4
2691000,4084,5,1,2,yes,yes,no,no,no,3,no,unfurnished,37.0,39.4
3584000,7541,4,1,3,no,no,yes,no,no,0,no,furnished,14.0,25.6
4189000,5625,3,2,1,yes,yes,yes,no,yes,2,no,semi-furnished,10.0,0.3
4181000,6091,4,1,2,yes,yes,,no,yes,1,no,semi-furnished,,0.4
5501000,8863,3,4,1,yes,yes,no,no,no,0,no,semi-furnished,0.0,1.3
4326000,6617,4,3,3,yes,no,no,no,no,3,no,semi-furnished,3.0,3.4
3383000,6684,3,1,1,no,no,no,no,no,2,no,unfurnished,2.0,14.2
4600000,7860,2,2,2,yes,no,yes,no,yes,1,no,semi-furnished,4.0,17.9
3334000,4697,4,2,2,no,no,yes,no,no,0,yes,unfurnished,4.0,1.7
3171000,3654,3,4,1,no,yes,yes,no,no,0,no,semi-furnished,5.0,7.7
3077000,3201,3,3,1,yes,no,no,no,no,1,no,furnished,7.0,19.9
2369000,1174,5,2,2,yes,no,no,no,no,1,no,semi-furnished,1.0,5.0
5080000,10024,1,3,1,yes,no,no,yes,no,1,no,semi-furnished,1.0,0.9
2424000,3073,3,2,3,yes,no,no,no,no,3,no,unfurnished,13.0,4.9
4546000,5013,2,2,3,yes,yes,no,yes,yes,1,yes,unfurnished,9.0,3.8
4117000,4891,4,1,2,yes,yes,no,yes,no,2,no,furnished,7.0,6.9
4075000,6176,4,1,2,yes,no,no,no,yes,2,no,furnished,12.0,4.6
3992000,7295,3,2,2,no,yes,no,no,no,1,no,semi-furnished,21.0,0.3
4814000,7393,4,1,3,yes,yes,no,no,yes,2,no,unfurnished,7.0,40.9
2542000,4217,3,1,2,yes,no,no,no,no,1,no,furnished,12.0,6.3
3485000,5132,4,2,1,no,no,no,no,yes,2,no,unfurnished,37.0,5.1
3066000,6122,3,1,1,yes,no,yes,no,no,1,no,semi-furnished,22.0,24.7
4216000,4953,3,2,2,yes,no,no,no,yes,0,no,semi-furnished,7.0,1.4
5411000,9036,5,2,2,yes,no,no,no,no,2,no,furnished,12.0,1.7
5005000,6580,3,4,2,yes,yes,no,no,no,1,no,furnished,2.0,13.2
3558000,7117,2,2,1,yes,no,no,no,no,2,no,semi-furnished,10.0,2.4
3871000,6958,3,1,2,yes,no,yes,no,yes,3,no,furnished,48.0,12.8
4914000,8082,6,2,1,yes,yes,no,no,no,0,no,furnished,9.0,2.5
4190000,5898,3,3,1,no,yes,yes,no,yes,1,no,furnished,32.0,0.3
3118000,2647,2,4,2,yes,no,yes,no,no,1,yes,semi-furnished,6.0,5.8
3702000,6379,3,2,1,yes,no,no,no,no,2,no,semi-furnished,80.0,1.8
3564000,4067,3,1,2,yes,yes,yes,yes,no,2,yes,semi-furnished,10.0,11.3
2716000,4337,2,3,2,yes,no,,no,yes,1,no,semi-furnished,,
4427000,6790,4,1,2,yes,no,no,no,yes,1,no,furnished,11.0,20.6
5075000,8224,6,2,2,no,no,yes,no,no,2,yes,semi-furnished,4.0,12.2
4250000,5547,3,2,1,yes,no,no,yes,yes,0,yes,furnished,0.0,1.6
3736000,6179,3,1,1,yes,no,no,no,no,2,no,unfurnished,21.0,12.9
5903000,9245,3,1,3,yes,no,yes,yes,no,2,no,furnished,4.0,8.2
3055000,6030,2,1,2,yes,no,no,no,no,3,no,unfurnished,19.0,8.8
6362000,11224,5,2,2,yes,yes,no,no,no,1,no,furnished,4.0,14.3
4672000,6744,3,4,1,yes,yes,no,no,yes,0,yes,unfurnished,3.0,6.8
1910000,1626,3,1,2,yes,no,no,no,no,1,yes,unfurnished,44.0,5.0
4115000,7157,4,3,2,yes,no,no,no,no,0,no,unfurnished,5.0,8.1
3736000,6339,3,1,2,yes,no,no,no,yes,3,yes,unfurnished,11.0,2.8
5152000,8337,4,2,2,yes,no,,no,yes,0,no,furnished,,
4010000,6981,2,1,1,yes,yes,yes,no,no,2,no,furnished,10.0,7.7
3729000,5195,4,4,1,no,yes,no,no,yes,1,no,semi-furnished,30.0,2.1
4290000,2807,5,3,3,yes,no,yes,no,no,1,yes,furnished,13.0,0.7
3757000,5040,4,2,3,yes,no,,no,yes,0,no,semi-furnished,,0.3
3512000,3629,6,3,1,yes,no,no,no,yes,2,no,semi-furnished,24.0,7.5
3534000,4223,2,2,2,yes,no,no,no,yes,1,no,furnished,2.0,3.6
4277000,6795,3,4,1,yes,no,yes,yes,yes,1,no,semi-furnished,9.0,11.2
5412000,9174,4,2,1,yes,yes,no,no,no,3,no,furnished,36.0,3.8
4746000,6368,3,3,1,yes,no,yes,yes,yes,1,yes,semi-furnished,12.0,5.3
2613000,2869,3,2,1,yes,no,no,no,no,1,no,unfurnished,20.0,4.2
3811000,6478,3,1,2,no,no,no,no,no,1,no,semi-furnished,13.0,8.4
4532000,8133,2,2,2,yes,yes,no,no,no,0,no,semi-furnished,22.0,3.5
3055000,4158,3,1,1,yes,no,yes,no,yes,3,yes,semi-furnished,35.0,26.5
2778000,5205,2,2,1,yes,no,no,no,no,1,yes,unfurnished,4.0,22.0
3472000,5532,4,2,3,no,yes,no,no,yes,0,no,furnished,2.0,15.1
3279000,3773,2,2,1,yes,no,no,yes,no,1,yes,unfurnished,8.0,20.2
3640000,6926,2,1,2,yes,no,no,no,no,2,no,semi-furnished,15.0,4.8
3163000,5234,3,1,1,no,yes,yes,no,yes,1,no,semi-furnished,3.0,6.2
3751000,6423,3,2,2,yes,no,no,no,no,2,no,unfurnished,0.0,10.8
4332000,3548,5,4,1,yes,no,no,no,yes,0,yes,unfurnished,5.0,9.5
3023000,4538,3,2,1,yes,no,no,no,no,1,no,semi-furnished,42.0,17.7
4241000,7089,3,2,1,no,no,no,no,yes,2,no,furnished,14.0,10.1
2829000,4680,4,2,1,no,no,yes,no,no,0,no,unfurnished,6.0,45.0
4953000,9299,3,2,2,no,yes,no,no,no,2,no,semi-furnished,3.0,3.4
3341000,4621,2,1,2,yes,yes,yes,no,yes,0,no,semi-furnished,5.0,14.3
3660000,5994,3,2,1,no,yes,no,no,no,2,no,furnished,2.0,9.6
4604000,7552,5,1,1,yes,no,no,no,no,1,yes,semi-furnished,1.0,9.4
2968000,2380,3,4,2,yes,no,no,no,no,2,no,unfurnished,28.0,3.2
1711000,1626,3,1,2,yes,yes,no,no,no,0,no,semi-furnished,73.0,12.3
2259000,2144,2,2,4,yes,no,yes,no,no,0,yes,unfurnished,2.0,18.5
4894000,8278,2,1,2,yes,no,yes,no,yes,0,no,furnished,1.0,2.0
3667000,4286,3,1,2,yes,yes,yes,no,no,0,yes,furnished,5.0,7.9
6328000,11128,3,3,2,no,no,yes,no,no,1,yes,semi-furnished,7.0,4.0
2346000,4259,2,1,3,yes,no,no,no,no,1,no,unfurnished,3.0,36.5
4235000,5906,5,1,3,yes,no,yes,no,no,1,no,unfurnished,4.0,5.2
5329000,8893,4,2,1,no,no,no,yes,yes,2,yes,unfurnished,3.0,2.1
5398000,9913,3,1,1,yes,no,no,no,yes,2,no,furnished,18.0,3.8
5328000,10035,4,1,1,yes,no,no,no,yes,2,yes,unfurnished,15.0,8.5
5003000,8158,2,3,2,yes,no,no,no,yes,1,yes,unfurnished,12.0,0.6
5747000,7753,3,3,2,yes,no,yes,no,yes,1,yes,furnished,6.0,7.4
4594000,6804,4,3,2,yes,no,yes,no,no,1,yes,semi-furnished,29.0,21.4
6100000,7212,4,3,1,yes,yes,yes,yes,yes,2,yes,semi-furnished,42.0,15.2
3209000,4287,4,2,2,no,no,no,no,no,0,no,semi-furnished,2.0,0.6
2564000,3700,3,1,3,yes,no,no,no,yes,0,no,unfurnished,3.0,40.2
4643000,5493,5,3,1,yes,yes,yes,no,no,2,no,furnished,9.0,9.6
3256000,5126,2,3,2,yes,no,no,no,no,0,no,semi-furnished,1.0,1.4
4882000,4503,5,3,2,yes,yes,yes,no,yes,2,no,furnished,7.0,0.3
5522000,7032,6,2,3,yes,no,no,no,no,2,yes,semi-furnished,10.0,1.5
4012000,7602,2,1,3,no,yes,no,no,no,0,no,unfurnished,9.0,14.6
4479000,5694,4,3,2,yes,yes,no,no,no,0,yes,furnished,5.0,0.3
4247000,8751,1,2,2,yes,no,no,no,yes,1,no,semi-furnished,9.0,2.1
2434000,2988,3,4,3,no,no,no,no,no,2,no,unfurnished,38.0,11.3
3056000,5074,3,1,2,yes,yes,no,no,no,1,no,unfurnished,3.0,7.1
3598000,3923,3,1,1,yes,no,yes,no,yes,2,no,semi-furnished,13.0,12.2
3254000,1394,5,1,3,yes,yes,no,no,no,1,no,furnished,1.0,11.0
4184000,5318,4,3,1,yes,no,no,no,yes,1,no,semi-furnished,1.0,0.4
3748000,5232,3,1,2,yes,no,yes,no,yes,0,yes,unfurnished,10.0,17.8
5197000,8830,4,1,3,yes,yes,no,no,no,2,yes,unfurnished,1.0,2.1
5535000,6888,6,4,2,yes,no,yes,no,no,0,no,furnished,0.0,6.4
3807000,3247,1,1,2,yes,yes,yes,no,yes,2,yes,unfurnished,2.0,8.3
6769000,9579,6,3,1,no,yes,no,yes,no,1,yes,furnished,10.0,1.5
4650000,8186,2,2,2,no,no,no,no,yes,1,no,furnished,15.0,29.9
5134000,6781,4,3,1,yes,no,yes,no,yes,2,no,semi-furnished,3.0,5.4
3689000,5002,3,2,1,yes,no,no,no,no,2,no,furnished,13.0,0.5
2782000,3389,2,3,2,yes,no,no,no,no,1,no,furnished,2.0,22.2
3257000,4681,3,3,1,yes,no,yes,no,yes,0,no,unfurnished,11.0,7.1
4441000,7895,4,1,2,no,no,no,no,yes,2,no,semi-furnished,6.0,9.6
4966000,9646,3,1,2,no,no,no,no,no,1,yes,unfurnished,13.0,6.0
3410000,8895,2,1,4,no,no,yes,no,no,0,no,unfurnished,64.0,14.4
3030000,4425,3,2,2,yes,no,no,no,no,3,no,unfurnished,33.0,0.3
2971000,3037,5,3,1,no,no,yes,no,yes,0,no,semi-furnished,0.0,2.5
3415000,5810,3,2,1,no,no,no,no,no,0,no,semi-furnished,26.0,5.1
1735000,1609,2,2,2,yes,no,no,no,no,0,no,semi-furnished,1.0,0.6
3857000,6211,3,1,2,yes,no,yes,no,no,2,no,furnished,37.0,9.8
3000000,5175,1,3,2,yes,no,no,no,no,2,no,unfurnished,4.0,4.0
4363000,4475,4,4,2,yes,no,no,no,no,1,no,semi-furnished,6.0,2.5
1895000,1992,4,1,1,no,no,yes,no,yes,1,no,furnished,1.0,0.3
4790000,6630,3,2,2,yes,no,no,no,yes,1,yes,semi-furnished,1.0,10.2
3111000,4328,3,1,2,yes,no,yes,no,yes,2,yes,unfurnished,16.0,14.4
2702000,2926,4,2,1,yes,no,no,no,yes,0,no,furnished,35.0,4.0
2168000,700,3,2,1,yes,no,,yes,no,3,no,furnished,,
2937000,5439,4,1,1,no,no,no,no,no,0,no,unfurnished,15.0,2.1
5483000,9399,4,2,1,yes,no,no,no,yes,3,no,furnished,17.0,7.8
4994000,9155,4,1,2,yes,no,no,no,no,0,no,furnished,4.0,0.3
2995000,4494,3,2,1,yes,yes,no,no,no,2,no,semi-furnished,1.0,5.4
3589000,4175,3,2,1,yes,yes,no,no,yes,0,yes,semi-furnished,0.0,8.3
4254000,6531,6,1,1,yes,no,no,no,no,0,yes,semi-furnished,5.0,20.0
3047000,3304,3,3,4,no,no,no,no,no,2,no,semi-furnished,3.0,3.8
4388000,6164,4,2,3,yes,no,yes,no,yes,2,no,unfurnished,1.0,11.6
4325000,7185,2,2,1,yes,yes,no,no,yes,1,no,unfurnished,2.0,7.3
4425000,8199,4,1,1,yes,no,no,no,yes,2,no,unfurnished,2.0,20.9
3777000,5280,3,3,1,yes,no,no,no,yes,1,no,semi-furnished,30.0,4.1
4183000,5052,2,4,2,no,no,no,no,yes,2,yes,furnished,2.0,3.1
2222000,3568,2,1,1,yes,no,yes,no,no,1,yes,unfurnished,9.0,17.5
3034000,3681,4,1,2,yes,no,no,no,no,1,no,furnished,11.0,0.4
4187000,5002,4,1,2,yes,no,yes,no,no,1,yes,unfurnished,9.0,1.2
4867000,6308,3,2,3,yes,yes,no,yes,yes,1,no,furnished,1.0,0.7
3547000,7510,2,1,1,yes,no,no,no,yes,2,no,unfurnished,5.0,14.8
3321000,3733,4,2,3,yes,no,no,no,no,0,no,unfurnished,1.0,0.3
4360000,8784,2,2,3,yes,no,no,no,no,0,no,semi-furnished,6.0,15.8
3720000,4904,3,2,1,no,yes,no,no,yes,1,no,furnished,3.0,4.8
3734000,5453,2,2,2,yes,no,no,no,yes,2,no,furnished,10.0,0.3
3033000,3856,2,2,1,yes,no,,no,no,0,yes,semi-furnished,14.0,4.1
1668000,700,2,2,1,no,no,yes,no,yes,1,no,furnished,9.0,1.7
3691000,7445,3,1,1,no,no,no,no,yes,3,no,unfurnished,7.0,7.8
3192000,7121,2,1,2,yes,yes,no,no,no,0,no,semi-furnished,6.0,9.1
4004000,4881,3,3,2,yes,no,no,no,yes,2,no,semi-furnished,22.0,5.3
4415000,5647,3,1,3,yes,no,no,no,yes,2,yes,semi-furnished,3.0,0.3
3833000,6635,3,2,1,yes,no,no,no,no,1,no,semi-furnished,16.0,8.5
3059000,2062,3,3,4,yes,no,yes,no,no,3,no,furnished,17.0,14.8
2698000,4336,4,1,1,yes,no,yes,no,no,2,no,unfurnished,7.0,10.2
4227000,7247,2,2,3,yes,no,no,no,no,1,no,unfurnished,4.0,14.2
3215000,2741,3,2,1,yes,no,yes,no,yes,1,no,semi-furnished,8.0,1.8
4432000,6146,2,3,1,yes,yes,yes,no,yes,2,yes,furnished,1.0,17.6
3302000,2516,2,4,3,yes,no,no,no,no,1,yes,unfurnished,1.0,3.1
4413000,6526,3,2,1,yes,yes,no,no,no,2,no,furnished,1.0,0.3
3602000,5422,3,1,2,yes,yes,no,no,yes,1,no,furnished,2.0,14.8
2776000,1947,5,2,2,yes,no,yes,no,yes,1,no,semi-furnished,8.0,22.8
4910000,8062,3,2,2,yes,no,no,no,yes,0,no,furnished,23.0,8.5
3237000,3884,6,2,2,yes,no,no,yes,no,0,no,furnished,3.0,2.1
2057000,3717,1,1,2,yes,yes,no,no,yes,0,no,unfurnished,33.0,2.3
2701000,5941,2,1,1,yes,no,no,no,no,2,no,semi-furnished,37.0,5.0
3676000,8027,1,3,2,yes,no,no,no,yes,2,no,unfurnished,38.0,18.2
3291000,3265,2,2,3,yes,yes,no,no,no,2,no,furnished,22.0,1.3
2368000,5636,3,1,1,yes,no,no,no,no,2,no,unfurnished,5.0,14.0
4105000,6443,4,2,1,yes,no,no,no,no,2,no,semi-furnished,1.0,2.8
4544000,7025,1,3,2,yes,yes,yes,no,no,1,no,furnished,10.0,13.2
3880000,5888,5,2,2,yes,no,yes,no,no,2,no,unfurnished,10.0,20.2
3475000,4693,4,1,2,yes,no,no,no,yes,1,yes,unfurnished,23.0,4.5
3300000,3679,3,1,1,yes,no,no,no,yes,3,yes,furnished,66.0,3.6
3190000,5690,2,1,2,yes,yes,no,no,no,2,no,unfurnished,9.0,13.0
3104000,3141,2,3,1,yes,no,no,yes,no,1,no,semi-furnished,5.0,6.0
650000,700,2,2,2,yes,no,no,no,no,1,no,unfurnished,2.0,9.2
3356000,6460,2,2,3,yes,no,no,no,no,1,no,unfurnished,0.0,7.8
5006000,7489,3,2,1,yes,yes,yes,no,no,0,yes,furnished,9.0,1.3
2044000,700,2,2,2,yes,no,no,no,no,1,yes,furnished,10.0,14.9
3350000,3279,3,3,4,yes,no,no,no,no,1,no,semi-furnished,21.0,1.7
4437000,6862,6,2,2,yes,yes,no,no,no,0,no,unfurnished,8.0,21.5
5247000,10026,4,1,3,yes,no,no,no,no,3,no,semi-furnished,30.0,2.3
3979000,5546,5,1,2,yes,no,no,no,no,2,yes,semi-furnished,12.0,10.6
3943000,3898,2,2,3,yes,yes,no,no,no,2,no,furnished,22.0,2.7
4365000,5098,3,4,1,yes,no,no,yes,no,2,no,unfurnished,2.0,3.1
4717000,8525,3,1,1,yes,no,no,no,no,1,yes,semi-furnished,23.0,3.0
2848000,4079,2,3,1,yes,yes,no,no,no,1,no,unfurnished,13.0,11.0
3197000,3742,1,3,2,yes,no,no,no,yes,2,no,unfurnished,2.0,6.5
3661000,4438,4,1,3,yes,no,no,no,no,3,no,furnished,3.0,17.2
3212000,3403,4,1,1,yes,yes,yes,no,yes,1,no,semi-furnished,31.0,2.9
3788000,5770,3,1,2,yes,no,no,no,yes,2,yes,unfurnished,0.0,9.4
6374000,9074,3,2,2,yes,no,no,no,yes,3,yes,furnished,7.0,11.2
4349000,6211,3,1,2,yes,no,no,no,yes,2,yes,unfurnished,5.0,1.3
3674000,4945,1,2,2,yes,no,no,no,no,3,no,unfurnished,13.0,4.1
2922000,4858,3,2,2,no,no,no,no,no,1,no,unfurnished,22.0,5.3
2331000,2061,2,2,1,yes,no,yes,no,no,3,no,furnished,5.0,3.5
4640000,7443,2,1,1,yes,no,no,no,yes,2,no,furnished,7.0,3.1
4181000,5329,6,2,4,yes,no,no,no,yes,0,no,unfurnished,48.0,9.3
3565000,5103,3,2,1,no,no,no,no,yes,3,no,furnished,18.0,1.9
5073000,12525,4,2,1,no,no,no,no,no,1,no,unfurnished,27.0,9.9
4310000,6157,3,3,3,yes,no,yes,no,no,1,no,semi-furnished,7.0,21.9
2940000,3846,3,1,1,yes,no,yes,no,no,1,yes,semi-furnished,3.0,6.7
3403000,4562,2,3,2,yes,yes,no,no,yes,0,no,semi-furnished,6.0,7.6
3775000,8027,2,2,1,yes,no,no,no,no,1,no,unfurnished,15.0,0.6
3894000,5749,2,2,2,yes,no,no,no,yes,2,no,semi-furnished,1.0,16.0
2188000,2336,4,2,1,no,no,no,yes,no,0,yes,semi-furnished,4.0,2.7
4206000,7522,4,2,1,yes,no,yes,no,no,1,no,unfurnished,1.0,7.6
3114000,4030,3,1,2,yes,yes,no,no,yes,0,no,unfurnished,7.0,30.9
4696000,9621,3,2,2,yes,no,no,no,yes,1,no,unfurnished,21.0,7.2
5703000,7876,5,2,2,yes,no,,no,yes,2,yes,furnished,0.0,10.3
3187000,4516,2,2,3,yes,no,no,no,no,2,yes,unfurnished,13.0,4.7
4172000,8318,3,1,1,yes,yes,no,no,no,3,no,semi-furnished,32.0,0.5
4282000,5649,3,3,2,yes,no,no,no,no,2,no,unfurnished,3.0,12.8
3859000,7376,4,2,2,yes,no,yes,no,no,1,no,unfurnished,14.0,0.3
4650000,6566,6,1,3,yes,yes,no,no,no,3,no,semi-furnished,44.0,9.6
2728000,3638,2,2,1,yes,no,no,no,no,2,yes,semi-furnished,39.0,0.3
3209000,4084,5,3,2,yes,no,no,no,no,1,no,unfurnished,3.0,15.9
5018000,7766,4,3,3,yes,no,no,no,yes,2,no,furnished,1.0,1.4
3520000,4763,2,2,1,yes,no,no,no,yes,3,no,unfurnished,2.0,5.8
3593000,4612,3,3,3,yes,no,no,no,no,2,no,furnished,15.0,7.3
1882000,3399,3,1,1,no,no,no,no,no,1,no,unfurnished,16.0,4.9
4528000,6432,6,2,2,no,yes,yes,no,no,2,no,semi-furnished,13.0,3.3
5467000,10038,2,3,3,yes,yes,yes,no,no,0,no,semi-furnished,5.0,5.0
3114000,3151,4,3,2,yes,yes,,no,yes,1,no,furnished,,
3789000,5553,3,2,2,yes,yes,no,no,yes,1,no,semi-furnished,10.0,4.6
5397000,8607,4,3,1,no,no,yes,no,no,0,yes,semi-furnished,8.0,3.6
2684000,5325,3,1,3,yes,no,no,no,no,0,no,semi-furnished,16.0,6.7
4388000,6495,3,3,2,yes,yes,yes,no,yes,0,no,furnished,7.0,2.2
2153000,3163,4,1,1,yes,yes,no,no,no,2,no,unfurnished,5.0,35.8
4089000,6442,4,1,2,yes,no,no,no,yes,2,no,furnished,4.0,5.6
3699000,5088,5,1,2,yes,yes,no,no,no,3,no,unfurnished,3.0,1.7
3717000,7669,2,2,1,yes,no,yes,no,no,1,no,semi-furnished,4.0,5.2
4994000,8112,4,1,1,yes,yes,yes,no,yes,1,yes,semi-furnished,1.0,16.1
5307000,11197,2,1,1,no,no,no,no,yes,3,no,furnished,5.0,0.3
4628000,6775,3,1,2,yes,no,no,no,yes,0,yes,semi-furnished,0.0,9.1
3838000,6217,3,1,2,no,no,no,no,no,2,no,semi-furnished,2.0,6.4
3787000,5928,3,2,2,yes,no,no,no,no,2,no,furnished,16.0,1.5
4690000,4723,3,2,3,yes,no,no,no,yes,0,yes,furnished,5.0,13.6
4353000,6245,6,1,3,no,yes,yes,no,no,2,no,furnished,13.0,3.7
3638000,4850,2,2,2,no,no,no,no,yes,2,no,furnished,15.0,2.8
4829000,5871,4,3,1,yes,no,no,no,yes,0,no,furnished,10.0,14.1
5200000,8399,3,3,2,yes,no,,no,yes,0,no,furnished,38.0,8.1
1864000,3286,2,1,2,yes,no,no,no,yes,0,no,unfurnished,0.0,18.3
4231000,8008,2,2,2,yes,no,no,no,no,1,no,semi-furnished,16.0,8.0
5023000,8398,5,1,2,yes,no,no,no,yes,1,yes,semi-furnished,38.0,10.8
3598000,5240,5,1,2,yes,no,yes,no,no,1,no,furnished,24.0,14.5
3365000,832,5,1,3,yes,no,yes,no,no,1,yes,semi-furnished,2.0,0.5
4009000,4163,6,3,1,yes,yes,no,yes,no,3,yes,semi-furnished,5.0,12.0
4607000,8353,2,1,2,yes,no,yes,no,yes,1,no,unfurnished,2.0,7.6
2795000,5450,3,1,1,yes,no,yes,no,no,0,no,unfurnished,11.0,0.6
2749000,3302,4,1,3,yes,yes,no,no,no,1,no,semi-furnished,15.0,5.7
4068000,4389,3,3,1,yes,yes,yes,no,yes,1,no,semi-furnished,5.0,0.7
4177000,7349,3,2,1,yes,yes,no,no,no,1,no,semi-furnished,9.0,10.7
3838000,6703,3,1,1,yes,no,no,no,no,1,yes,semi-furnished,14.0,6.3
2745000,4974,3,2,2,yes,no,no,no,no,0,no,unfurnished,7.0,24.6
3765000,4693,3,2,1,yes,yes,yes,no,no,2,yes,unfurnished,23.0,1.6
3882000,4638,2,2,2,yes,no,no,yes,no,3,no,semi-furnished,18.0,7.5
2190000,3471,3,1,2,yes,no,no,no,no,1,no,unfurnished,1.0,1.9
5746000,9054,3,3,1,yes,no,no,no,yes,1,no,semi-furnished,12.0,7.6
4100000,4791,3,1,1,yes,yes,yes,yes,yes,2,no,semi-furnished,3.0,10.3
5187000,8178,2,2,3,yes,no,yes,no,no,2,no,furnished,10.0,10.2
5055000,8847,4,1,2,no,no,,no,yes,1,yes,semi-furnished,,
4228000,7696,1,2,2,yes,no,no,no,no,3,no,unfurnished,25.0,15.4
2505000,4550,3,2,2,no,no,no,no,no,1,no,unfurnished,6.0,0.6
3643000,6388,4,2,1,yes,no,no,no,no,1,no,semi-furnished,4.0,3.4
3837000,5447,3,1,1,yes,no,no,no,no,2,yes,semi-furnished,3.0,9.3
3113000,3512,3,3,1,yes,yes,no,no,no,3,no,unfurnished,9.0,5.5
4616000,6214,4,1,3,yes,yes,no,no,yes,2,yes,unfurnished,1.0,1.7
2242000,2906,3,2,4,no,no,no,no,yes,0,yes,semi-furnished,10.0,6.4
5041000,8113,4,3,2,yes,yes,yes,no,no,1,no,semi-furnished,0.0,4.2
2788000,4478,4,2,1,yes,yes,no,no,no,1,no,unfurnished,5.0,4.0
4090000,5943,4,2,1,yes,no,no,no,no,1,yes,unfurnished,3.0,13.3
3725000,6123,3,2,1,yes,yes,no,no,yes,2,no,unfurnished,43.0,4.2
3425000,4930,2,2,2,yes,no,no,no,yes,2,no,furnished,16.0,0.3
5205000,6791,3,3,1,yes,no,no,no,no,2,no,furnished,5.0,0.5
3235000,4455,3,1,3,no,no,yes,no,no,3,no,unfurnished,1.0,15.5
4853000,7417,3,2,2,yes,yes,yes,no,yes,1,no,unfurnished,9.0,25.9
3880000,2539,3,2,3,yes,yes,no,no,no,2,yes,semi-furnished,3.0,9.3
4347000,5778,3,2,3,yes,yes,yes,no,no,2,no,semi-furnished,9.0,3.6
4685000,9766,1,1,3,yes,yes,no,yes,no,1,yes,unfurnished,22.0,22.3
2986000,3299,3,2,2,yes,yes,yes,no,no,2,yes,unfurnished,11.0,8.7
3293000,4009,3,3,2,no,no,no,no,yes,0,no,unfurnished,12.0,14.9
4305000,6631,4,3,2,yes,no,yes,no,no,2,yes,furnished,9.0,11.6
3371000,5895,1,2,2,yes,no,no,no,yes,1,no,unfurnished,31.0,3.8
3118000,6271,3,2,2,no,no,no,no,yes,1,no,furnished,32.0,5.2
4840000,6576,5,3,4,yes,no,yes,no,no,2,no,unfurnished,9.0,1.6
4473000,6896,2,1,2,yes,no,no,no,yes,2,no,furnished,4.0,2.8
4657000,7941,3,1,3,yes,yes,no,no,no,0,yes,unfurnished,7.0,12.0
3984000,6402,2,2,3,no,no,no,no,yes,0,no,semi-furnished,2.0,18.0
4070000,4969,4,3,1,yes,no,no,no,no,1,no,unfurnished,12.0,10.3
4462000,6980,3,3,1,yes,yes,no,no,yes,1,no,semi-furnished,8.0,5.0
6705000,9680,3,2,2,yes,no,no,no,no,2,yes,furnished,1.0,0.7
3357000,5208,3,1,2,yes,no,no,no,no,3,no,unfurnished,3.0,0.5
3807000,3356,5,2,3,yes,yes,yes,no,no,1,no,semi-furnished,8.0,3.8
4191000,7936,2,1,2,yes,no,no,no,no,2,yes,semi-furnished,26.0,5.0
3965000,5235,1,1,2,yes,no,no,no,yes,1,yes,unfurnished,10.0,7.5
3262000,720,5,3,2,no,no,no,no,yes,2,yes,semi-furnished,14.0,0.3
3991000,7364,3,1,1,yes,no,yes,no,no,0,no,unfurnished,5.0,36.6
3699000,4322,5,3,2,yes,no,no,no,no,1,no,semi-furnished,10.0,3.6
3268000,5301,3,2,3,yes,no,no,no,yes,2,no,unfurnished,7.0,15.1
4148000,6230,4,2,1,yes,yes,no,no,yes,0,no,unfurnished,13.0,6.1
2782000,5919,3,1,2,no,no,yes,no,no,2,no,unfurnished,1.0,1.1
3968000,7061,4,1,2,yes,no,yes,no,no,2,no,unfurnished,8.0,12.8
3499000,4542,5,1,1,yes,yes,no,yes,no,1,no,semi-furnished,4.0,9.9
5206000,6629,3,4,1,yes,no,no,no,yes,1,no,unfurnished,5.0,6.0
3753000,4929,2,3,4,yes,no,no,no,yes,2,no,unfurnished,39.0,5.8
4724000,7125,3,2,2,yes,yes,no,no,yes,2,no,semi-furnished,2.0,0.7
3942000,6854,2,1,1,yes,no,yes,no,no,1,yes,semi-furnished,4.0,8.5
2690000,3442,2,4,1,yes,yes,no,no,no,1,yes,unfurnished,9.0,19.4
4774000,7889,3,1,2,yes,no,no,no,no,2,yes,furnished,24.0,0.8
3095000,4321,3,1,2,yes,no,yes,no,no,1,no,semi-furnished,6.0,2.4
4178000,7278,3,2,2,yes,yes,yes,no,yes,0,no,semi-furnished,16.0,18.6
4195000,6308,3,4,1,yes,no,yes,no,yes,1,no,furnished,23.0,2.7
4971000,9544,4,1,3,yes,no,yes,no,no,2,no,unfurnished,4.0,8.5
3739000,5008,2,1,2,yes,no,no,no,yes,2,yes,semi-furnished,6.0,6.1
3738000,4732,2,4,1,yes,yes,no,no,yes,3,no,semi-furnished,5.0,7.3
2761000,5457,2,1,2,yes,yes,no,no,no,2,no,unfurnished,21.0,4.3
3505000,4833,3,1,2,yes,no,,no,no,3,no,semi-furnished,,2.9
4287000,7260,2,2,3,yes,no,yes,no,no,0,no,unfurnished,4.0,0.4
2751000,1944,3,3,3,yes,no,no,no,yes,2,no,unfurnished,14.0,10.9
2493000,3182,3,2,1,yes,no,no,no,no,0,yes,unfurnished,10.0,11.0
4057000,3151,4,4,3,yes,no,yes,no,no,2,yes,unfurnished,7.0,8.9
4069000,7591,1,2,3,no,yes,yes,no,no,1,no,furnished,9.0,8.3
4832000,9263,4,1,3,yes,yes,no,no,no,1,no,furnished,3.0,2.2
4773000,5270,4,4,1,yes,no,no,no,no,2,yes,semi-furnished,7.0,0.3
4521000,5129,4,2,2,yes,no,no,no,yes,2,yes,furnished,8.0,13.2
3343000,5654,5,1,1,yes,no,no,no,no,0,no,semi-furnished,28.0,5.4
3926000,8056,1,2,3,yes,no,no,yes,no,2,no,semi-furnished,4.0,2.9
2244000,3460,2,1,1,yes,no,no,no,yes,1,no,semi-furnished,24.0,0.9
5037000,6024,5,1,2,yes,no,yes,no,yes,1,no,semi-furnished,12.0,0.5
3997000,7645,3,1,1,yes,yes,no,no,no,2,yes,semi-furnished,0.0,3.4
3847000,6602,3,2,1,yes,no,no,no,yes,1,no,semi-furnished,15.0,13.1
4643000,5917,4,3,2,yes,no,no,no,no,3,yes,furnished,0.0,20.1
4240000,7702,4,2,3,yes,no,no,no,no,0,no,semi-furnished,71.0,18.2
2087000,700,5,4,2,yes,no,no,no,yes,2,no,unfurnished,25.0,20.2
4383000,6991,6,1,3,yes,no,no,no,no,2,no,unfurnished,4.0,19.1
2409000,4061,4,1,1,yes,no,no,no,yes,1,no,unfurnished,4.0,6.0
2457000,1473,3,1,2,yes,yes,yes,no,no,1,yes,unfurnished,6.0,2.0
3742000,6625,5,1,2,yes,no,no,no,no,2,no,unfurnished,5.0,12.8
3766000,8522,1,1,1,yes,no,no,no,no,2,no,furnished,6.0,1.9
4184000,5198,2,3,2,yes,yes,yes,no,no,1,no,furnished,5.0,2.5
5377000,7596,5,3,2,yes,yes,no,yes,no,1,yes,unfurnished,12.0,2.1
5837000,9047,3,4,2,yes,no,yes,yes,no,0,no,furnished,2.0,5.8
4364000,8393,2,1,2,yes,yes,no,no,no,0,no,semi-furnished,22.0,3.1
5767000,9108,2,3,2,yes,no,yes,yes,no,1,no,furnished,20.0,1.3
4104000,7133,5,1,1,yes,no,no,no,no,0,yes,furnished,8.0,4.8
3742000,5666,3,1,1,yes,no,yes,no,yes,2,no,unfurnished,23.0,16.6
3122000,1976,4,3,2,yes,no,no,no,no,2,yes,semi-furnished,3.0,6.8
3251000,4959,2,2,1,yes,no,yes,yes,no,3,no,semi-furnished,0.0,16.9
3324000,3645,4,1,1,yes,no,yes,no,yes,2,yes,furnished,12.0,1.7
5468000,10276,4,2,2,no,no,no,no,no,3,no,unfurnished,7.0,1.5
2996000,5113,3,1,2,yes,no,no,no,yes,1,no,unfurnished,10.0,6.9
3880000,5771,3,2,1,yes,yes,yes,no,no,2,no,semi-furnished,28.0,5.0
5269000,6713,2,2,2,yes,yes,yes,no,yes,3,yes,unfurnished,42.0,8.6
5297000,5596,6,4,2,yes,yes,no,yes,no,2,no,furnished,12.0,12.7
4971000,9229,4,1,1,yes,no,yes,no,no,0,no,unfurnished,17.0,11.1
3046000,4130,5,2,3,yes,no,no,no,no,2,no,unfurnished,1.0,22.8
4305000,5928,3,2,2,yes,no,no,no,yes,3,no,unfurnished,2.0,4.1
3353000,3867,4,2,2,yes,no,yes,no,yes,2,no,furnished,16.0,1.8
2767000,2596,4,1,2,yes,no,no,no,yes,1,no,furnished,7.0,6.4
3784000,4154,4,2,1,yes,no,no,no,no,2,no,semi-furnished,7.0,0.9
5053000,5419,6,3,2,yes,no,no,no,yes,3,yes,furnished,4.0,2.7
4085000,4556,3,4,2,yes,no,no,no,no,0,no,furnished,11.0,1.9
3562000,3977,2,3,3,yes,no,no,no,no,2,no,semi-furnished,2.0,4.0
3402000,2406,4,3,3,yes,yes,no,no,no,1,no,semi-furnished,12.0,0.9
3516000,5317,4,2,2,yes,no,no,no,yes,2,no,unfurnished,2.0,0.3
2698000,2190,3,3,1,no,no,yes,no,no,2,no,furnished,1.0,8.6
3735000,7172,2,1,1,yes,no,yes,no,yes,0,no,unfurnished,5.0,7.5
3857000,5681,3,2,1,yes,yes,yes,no,no,0,no,unfurnished,3.0,9.9
1543000,2293,3,1,2,yes,no,yes,no,no,2,no,unfurnished,26.0,8.6
3322000,4820,3,2,1,no,no,yes,no,yes,0,no,unfurnished,1.0,1.0
3768000,3845,4,1,2,yes,no,no,yes,yes,1,yes,unfurnished,2.0,2.8
4169000,6202,4,4,1,yes,yes,yes,no,no,2,yes,unfurnished,10.0,1.1
3985000,8449,2,1,4,yes,no,no,no,no,1,no,semi-furnished,8.0,14.8
1427000,1375,3,1,1,yes,no,no,no,no,1,yes,semi-furnished,1.0,11.0
4109000,5753,3,2,3,yes,yes,yes,no,yes,3,no,unfurnished,0.0,1.8
2923000,5148,2,1,3,no,no,,no,no,0,no,semi-furnished,53.0,3.3
4202000,6977,4,1,2,no,yes,yes,yes,no,1,no,furnished,13.0,27.2
3991000,5969,5,1,2,yes,no,yes,no,no,2,no,unfurnished,5.0,7.2
2558000,3846,3,2,2,yes,no,no,no,no,2,no,semi-furnished,8.0,12.9
3653000,4798,4,2,2,no,no,no,no,no,3,no,unfurnished,4.0,2.5
4076000,3749,5,3,1,yes,no,yes,no,yes,3,no,furnished,5.0,1.9
4356000,7867,4,2,1,yes,no,no,no,no,2,no,semi-furnished,13.0,12.3
4203000,5547,2,2,2,yes,yes,yes,no,yes,0,no,furnished,26.0,9.3
5126000,9683,6,1,2,yes,no,no,no,yes,0,no,unfurnished,2.0,9.1
3512000,5367,3,1,2,yes,yes,no,no,no,1,no,furnished,22.0,6.4
2750000,3942,3,3,1,no,no,no,no,no,0,no,unfurnished,2.0,6.6
2862000,2170,2,1,2,yes,yes,yes,no,yes,2,yes,furnished,3.0,10.6
2902000,1533,3,1,1,yes,yes,yes,no,no,2,yes,furnished,0.0,2.5
2442000,2015,2,3,1,yes,no,no,no,no,0,no,furnished,2.0,3.5
3513000,6088,2,2,1,yes,no,no,no,yes,2,no,semi-furnished,30.0,16.4
3432000,6619,3,1,1,yes,no,no,no,no,0,no,semi-furnished,7.0,3.0
2579000,2021,4,1,1,yes,no,yes,no,no,1,no,furnished,1.0,6.3
5599000,7469,5,4,3,yes,no,no,no,yes,2,no,semi-furnished,39.0,9.7
2917000,4437,3,3,1,yes,no,no,no,no,1,no,furnished,25.0,45.0
4360000,5823,5,2,2,yes,yes,no,no,no,1,no,unfurnished,17.0,4.6
5288000,9047,5,2,1,yes,no,yes,no,no,0,no,furnished,33.0,4.5
4125000,7473,4,2,3,yes,no,no,no,yes,1,no,semi-furnished,3.0,14.8
3563000,4909,2,4,2,yes,no,yes,no,no,2,yes,semi-furnished,22.0,13.1
3945000,3539,4,4,1,yes,no,no,no,yes,3,no,unfurnished,14.0,10.5
1660000,766,5,1,2,yes,no,no,no,no,1,no,unfurnished,24.0,5.0
3554000,3918,4,3,2,yes,no,no,no,yes,1,no,unfurnished,19.0,3.1
3847000,5036,3,1,2,yes,yes,no,no,no,2,no,furnished,5.0,7.5
2361000,3328,3,1,1,yes,yes,no,no,no,3,no,unfurnished,18.0,16.7
4402000,5211,4,2,4,yes,yes,no,no,yes,1,yes,unfurnished,4.0,17.2
4185000,5669,3,2,2,yes,yes,yes,no,yes,1,yes,unfurnished,5.0,0.9
3976000,5005,2,4,1,yes,no,no,no,yes,2,no,semi-furnished,1.0,4.5
3247000,4070,3,1,2,yes,yes,no,no,yes,2,no,unfurnished,33.0,5.0
3909000,5871,4,2,2,yes,no,yes,no,no,0,yes,semi-furnished,4.0,30.4
4257000,6472,5,3,3,yes,no,no,no,no,2,no,semi-furnished,9.0,9.1
3826000,3101,2,3,2,yes,yes,yes,no,no,0,no,semi-furnished,6.0,4.2
5250000,8604,6,1,2,yes,no,no,no,no,1,yes,semi-furnished,39.0,0.3
3037000,5283,3,2,1,yes,no,no,no,no,1,no,semi-furnished,5.0,6.7
4542000,5541,4,2,3,yes,yes,no,no,yes,2,no,semi-furnished,18.0,0.8
4245000,7058,4,1,2,yes,no,no,yes,yes,1,no,unfurnished,23.0,14.4
4392000,6013,4,4,1,yes,yes,yes,no,no,1,yes,semi-furnished,7.0,11.2
4527000,7597,5,3,1,no,yes,no,no,no,0,no,unfurnished,6.0,4.9
3551000,6132,3,1,1,yes,no,yes,yes,no,2,no,furnished,17.0,4.5
3653000,4153,5,1,4,no,no,no,no,no,0,yes,unfurnished,29.0,18.2
3386000,6295,2,1,1,yes,yes,no,no,no,1,no,unfurnished,17.0,2.7
3188000,2984,4,3,2,no,yes,no,no,yes,0,no,furnished,3.0,2.3
3598000,5739,4,1,1,yes,no,yes,no,yes,2,no,unfurnished,26.0,22.4
4060000,5427,4,2,2,yes,no,no,no,no,1,no,furnished,6.0,13.3
3587000,5042,3,2,2,yes,yes,no,no,no,1,no,furnished,10.0,13.7
5377000,5217,5,2,4,yes,no,no,no,yes,1,yes,semi-furnished,21.0,1.7
2290000,1360,2,1,2,yes,no,yes,no,no,2,no,semi-furnished,3.0,1.2
3194000,4293,2,1,3,yes,yes,no,no,no,1,no,furnished,18.0,0.3
3875000,5704,4,4,2,no,no,yes,no,no,2,no,semi-furnished,11.0,2.2
3748000,5852,3,3,1,yes,no,no,no,yes,2,no,unfurnished,27.0,11.9
3322000,3239,4,3,1,yes,no,no,no,no,3,no,semi-furnished,2.0,2.2
4271000,8285,3,1,2,yes,no,,no,no,1,no,furnished,,
3429000,3594,2,1,4,no,no,yes,yes,yes,3,no,unfurnished,21.0,2.3
4329000,7633,4,2,3,yes,yes,no,no,no,0,no,semi-furnished,0.0,4.0
3022000,6440,3,1,1,yes,yes,no,no,no,1,no,unfurnished,1.0,32.7
3039000,4078,2,3,1,yes,no,yes,yes,no,2,no,furnished,56.0,2.2
5490000,9406,4,2,1,yes,no,no,no,yes,1,no,semi-furnished,4.0,3.8
1759000,2874,3,1,3,no,no,no,no,no,1,no,semi-furnished,45.0,2.9
4768000,7522,4,3,3,yes,no,no,no,yes,1,yes,unfurnished,2.0,0.9
5471000,7701,3,4,3,yes,no,yes,no,no,2,no,semi-furnished,5.0,5.4
2913000,4025,4,1,2,yes,no,yes,no,no,1,no,semi-furnished,17.0,3.8
4338000,8563,4,2,2,yes,no,no,no,no,2,no,unfurnished,13.0,9.5
2885000,4950,4,1,2,yes,no,no,no,no,2,no,unfurnished,10.0,13.6
4301000,6135,2,2,1,yes,yes,no,no,no,2,no,furnished,9.0,6.3
3255000,6073,4,1,2,yes,no,no,no,no,0,no,unfurnished,22.0,0.3
3526000,5205,4,2,1,yes,no,no,no,no,3,no,semi-furnished,3.0,7.7
4937000,7284,4,4,1,yes,no,yes,no,yes,1,no,semi-furnished,7.0,0.5
4055000,7246,3,2,3,yes,no,,no,yes,0,no,semi-furnished,,7.7
2141000,1653,5,1,3,no,yes,no,no,yes,0,no,semi-furnished,11.0,9.2
4230000,8370,4,2,2,no,no,no,no,no,1,no,furnished,3.0,1.8
2391000,1843,2,1,2,yes,no,no,no,no,0,yes,semi-furnished,5.0,13.7
4411000,7772,3,3,2,yes,no,no,no,no,0,no,semi-furnished,8.0,19.4
6051000,7979,5,2,2,yes,no,no,no,yes,1,no,furnished,0.0,13.4
2233000,3100,1,1,3,yes,yes,yes,no,no,1,no,semi-furnished,1.0,2.9
3510000,4596,6,1,3,yes,no,no,no,yes,2,no,unfurnished,14.0,7.1
3397000,3067,4,3,2,yes,no,no,no,no,2,no,unfurnished,7.0,19.7
3834000,5027,4,1,1,yes,no,no,no,yes,2,no,semi-furnished,24.0,3.1
3546000,4822,3,3,1,yes,no,no,no,yes,1,no,unfurnished,14.0,13.7
3371000,7215,2,1,2,yes,no,no,no,no,0,no,semi-furnished,0.0,0.3
5828000,8383,5,1,1,yes,yes,no,no,yes,3,no,furnished,12.0,0.3
4616000,8571,3,2,3,yes,no,no,no,no,0,no,semi-furnished,1.0,11.4
3607000,4263,4,4,1,yes,yes,no,no,no,2,no,furnished,18.0,11.5
3956000,5040,3,4,1,yes,no,no,no,no,0,yes,unfurnished,57.0,12.4
1756000,1796,2,1,2,yes,yes,no,no,no,3,no,unfurnished,9.0,21.3
2720000,3727,1,2,4,yes,yes,no,no,yes,1,no,semi-furnished,14.0,1.0
3940000,7623,3,1,1,yes,no,no,no,no,1,no,semi-furnished,3.0,2.1
5441000,9054,6,2,2,yes,no,no,no,no,2,yes,semi-furnished,7.0,18.7
1595000,2784,3,2,2,yes,no,yes,no,no,1,no,semi-furnished,23.0,1.6
3159000,4197,3,3,1,yes,no,no,yes,yes,1,no,unfurnished,2.0,9.2
3700000,5442,3,4,2,no,no,no,yes,no,1,no,semi-furnished,4.0,6.0
4040000,6116,3,2,2,yes,no,yes,no,yes,2,no,furnished,7.0,0.7
3327000,3719,3,2,2,yes,no,yes,no,yes,0,no,unfurnished,15.0,2.7
4776000,6433,5,3,3,yes,no,yes,no,yes,0,no,furnished,6.0,5.9
3356000,4458,3,3,1,yes,no,no,no,yes,1,no,unfurnished,32.0,15.3
2659000,5468,3,1,1,no,no,no,no,yes,0,no,semi-furnished,1.0,9.8
4877000,6702,2,1,3,yes,no,yes,no,yes,2,yes,semi-furnished,6.0,7.8
3769000,5514,6,2,2,yes,yes,no,no,no,0,no,furnished,15.0,5.5
2849000,4540,2,1,2,yes,no,yes,no,yes,1,yes,semi-furnished,3.0,2.8
3805000,5259,2,1,3,yes,yes,no,no,yes,0,no,unfurnished,13.0,1.0
2731000,5306,4,1,1,no,no,no,no,no,1,no,semi-furnished,2.0,4.2
4148000,4686,3,2,2,yes,yes,no,no,yes,0,no,unfurnished,1.0,0.3
3417000,4931,3,1,1,yes,no,no,no,yes,0,no,semi-furnished,2.0,1.9
4368000,9017,3,1,1,no,yes,yes,no,no,0,no,unfurnished,32.0,4.5
4429000,6734,4,1,1,yes,no,no,no,yes,3,no,unfurnished,10.0,4.3
3831000,4850,2,3,3,yes,no,yes,no,yes,0,no,semi-furnished,19.0,0.4
4399000,7033,4,3,1,yes,no,no,no,no,2,no,semi-furnished,5.0,7.1
3671000,4766,4,2,2,yes,no,no,no,no,0,no,unfurnished,11.0,6.4
4696000,8081,3,2,3,yes,no,no,no,no,0,no,furnished,8.0,0.7
4006000,6313,3,4,2,yes,no,no,no,no,1,yes,unfurnished,35.0,22.9
3573000,5264,3,1,2,yes,no,yes,no,no,1,no,semi-furnished,17.0,0.8
2747000,6485,4,1,2,no,no,no,no,no,3,no,unfurnished,16.0,15.4
3030000,2044,3,1,1,yes,no,no,no,yes,3,no,furnished,1.0,0.3
2853000,3021,3,1,2,yes,no,yes,no,no,2,no,unfurnished,10.0,17.1
3399000,2873,3,2,2,yes,no,no,no,yes,2,no,semi-furnished,8.0,0.3
4702000,5814,6,3,4,yes,no,no,no,no,1,no,unfurnished,32.0,11.3
5529000,9312,3,2,3,yes,yes,no,no,no,1,yes,semi-furnished,4.0,3.6
5738000,10409,5,2,3,no,no,yes,no,no,3,no,semi-furnished,4.0,10.7
4106000,6904,3,4,3,yes,no,no,no,no,2,no,unfurnished,6.0,4.1
3833000,6602,2,1,2,no,no,no,no,no,1,no,unfurnished,3.0,0.6
1737000,1538,2,1,2,yes,no,yes,no,yes,0,no,unfurnished,2.0,11.7
3502000,4306,3,2,3,yes,no,no,no,yes,0,no,semi-furnished,23.0,0.6
2795000,3767,2,2,2,yes,no,no,no,no,3,no,semi-furnished,10.0,20.4
2248000,4134,1,1,4,yes,yes,no,no,no,1,no,semi-furnished,24.0,0.4
2961000,5130,5,2,2,yes,no,no,no,no,1,no,unfurnished,21.0,5.2
3660000,4461,4,2,2,yes,yes,no,yes,no,0,no,furnished,4.0,10.3
2298000,1146,4,2,2,yes,yes,yes,no,no,2,no,semi-furnished,10.0,4.0
4114000,7145,2,2,4,no,no,no,no,no,0,yes,unfurnished,1.0,2.0
2814000,3140,2,1,1,yes,no,no,no,no,2,yes,semi-furnished,30.0,11.4
3421000,6026,2,1,2,yes,yes,yes,no,no,0,no,unfurnished,6.0,12.3
5707000,10063,4,2,2,yes,no,no,no,no,2,no,furnished,6.0,20.5
3321000,3477,5,1,1,yes,no,no,no,no,2,yes,unfurnished,4.0,3.8
2303000,700,3,4,3,yes,yes,no,yes,no,0,no,unfurnished,7.0,5.6
2801000,4871,2,2,2,yes,yes,no,no,no,1,no,unfurnished,3.0,3.6
4436000,7922,3,1,2,yes,yes,no,no,no,1,no,semi-furnished,6.0,2.4
5087000,9808,3,3,1,yes,yes,yes,no,no,0,no,unfurnished,19.0,11.1
2932000,2795,3,2,2,no,no,no,no,yes,2,no,semi-furnished,22.0,3.3
3885000,6593,4,1,2,no,no,no,no,no,1,yes,unfurnished,4.0,4.5
3987000,4476,4,3,2,yes,no,no,no,no,1,yes,furnished,8.0,4.1
3461000,5267,2,3,1,yes,yes,no,no,yes,0,no,semi-furnished,25.0,10.0
4925000,11318,1,2,4,yes,no,no,no,no,1,no,unfurnished,1.0,20.0
3231000,2193,6,1,2,yes,no,no,no,no,2,no,furnished,26.0,8.8
4001000,6058,2,2,2,yes,no,yes,no,no,1,no,unfurnished,3.0,5.1
3847000,6529,2,3,2,yes,no,yes,no,no,3,no,furnished,14.0,12.1
4412000,7889,2,1,2,yes,no,yes,no,no,3,no,unfurnished,10.0,8.2
2341000,5716,1,1,2,yes,yes,no,no,no,0,no,unfurnished,10.0,0.5
5085000,6178,3,3,2,yes,no,yes,no,yes,0,yes,semi-furnished,24.0,0.8
3682000,4638,4,1,2,yes,no,no,yes,yes,2,no,furnished,1.0,0.3
4433000,6092,3,3,2,yes,yes,yes,yes,no,1,no,unfurnished,5.0,4.9
2670000,4745,3,2,2,yes,yes,no,no,no,0,no,furnished,9.0,14.0
3977000,6867,4,2,1,yes,yes,no,no,yes,1,no,semi-furnished,20.0,3.0
3506000,4687,3,1,2,yes,no,no,no,yes,1,no,semi-furnished,3.0,3.9
3742000,6330,5,3,1,no,yes,no,no,no,2,no,semi-furnished,19.0,19.2
4531000,5436,5,2,1,yes,yes,yes,yes,yes,0,yes,furnished,6.0,14.5
4697000,7977,1,2,3,yes,no,no,no,no,0,no,furnished,3.0,8.8
4591000,5387,4,2,2,no,no,yes,no,no,3,no,furnished,17.0,2.5
3088000,1599,3,2,2,yes,yes,no,no,no,2,yes,semi-furnished,1.0,1.0
5775000,8276,6,4,2,no,no,yes,no,yes,1,yes,semi-furnished,9.0,0.3
3775000,3507,3,2,3,yes,no,no,no,no,2,no,furnished,1.0,0.9
3028000,4062,6,2,2,yes,no,no,no,no,1,no,semi-furnished,5.0,2.8
3576000,4190,4,4,3,yes,no,no,no,no,2,no,unfurnished,11.0,6.4
4501000,8524,2,2,2,yes,no,no,no,no,1,no,semi-furnished,10.0,0.5
2598000,802,3,1,4,yes,no,no,no,yes,0,no,unfurnished,6.0,1.2
7181000,12403,6,1,3,yes,yes,,no,yes,2,no,unfurnished,7.0,1.6
5308000,7823,5,3,3,yes,no,no,no,yes,1,no,furnished,3.0,8.0
3585000,5991,2,2,1,yes,no,yes,no,yes,3,no,semi-furnished,7.0,7.7
3699000,5379,4,2,1,yes,no,no,no,no,1,no,semi-furnished,37.0,6.4
3364000,6128,3,2,1,yes,no,no,no,no,3,no,unfurnished,23.0,2.3
4460000,6646,1,1,1,yes,no,yes,yes,yes,3,yes,semi-furnished,2.0,3.7
3659000,6919,3,2,3,yes,yes,no,no,no,0,no,unfurnished,0.0,0.8
3565000,6722,2,1,1,yes,yes,no,no,no,2,no,unfurnished,33.0,2.1
3771000,5697,4,2,1,yes,yes,no,no,no,1,no,semi-furnished,9.0,18.2
3497000,5066,3,2,1,yes,no,no,no,yes,3,yes,furnished,9.0,31.2
4354000,5167,4,2,1,yes,yes,no,no,no,1,yes,furnished,18.0,8.3
3537000,5071,1,2,1,yes,no,yes,no,no,2,yes,semi-furnished,5.0,19.9
5247000,7994,3,3,3,yes,yes,yes,no,no,1,no,semi-furnished,8.0,8.2
3910000,6806,2,3,2,yes,no,no,no,yes,0,no,unfurnished,42.0,0.3
1064000,700,2,1,1,yes,yes,no,yes,no,0,no,unfurnished,13.0,45.0
3870000,6943,2,1,2,yes,no,no,no,no,1,no,furnished,2.0,0.8
4090000,5928,2,2,2,yes,no,no,yes,no,2,yes,semi-furnished,2.0,9.2
4636000,5459,3,4,1,yes,no,yes,no,no,2,yes,furnished,3.0,2.3
4613000,4645,3,3,2,yes,no,no,no,yes,2,yes,semi-furnished,17.0,4.0
5044000,7973,3,3,2,yes,no,yes,no,no,1,no,unfurnished,4.0,8.3
4263000,7585,3,1,2,yes,yes,yes,no,yes,1,no,semi-furnished,0.0,4.6
3744000,3800,5,2,2,yes,yes,no,no,yes,0,no,unfurnished,35.0,2.3
4637000,6396,5,2,1,no,yes,yes,yes,no,2,no,unfurnished,2.0,3.3
3545000,3362,3,1,4,yes,no,no,no,yes,3,yes,semi-furnished,0.0,3.3
3404000,2465,3,1,3,yes,yes,yes,no,yes,1,yes,furnished,3.0,25.6
3698000,4121,2,4,3,yes,yes,yes,no,no,0,no,semi-furnished,3.0,12.8
3856000,7397,6,1,1,no,no,no,no,no,0,no,furnished,7.0,4.9
4548000,7597,2,1,3,yes,no,no,no,yes,2,yes,semi-furnished,30.0,1.8
4420000,6629,3,1,3,yes,no,yes,no,no,2,yes,unfurnished,25.0,13.3
4652000,7095,3,3,3,yes,no,no,no,yes,2,no,semi-furnished,7.0,1.4
4310000,6636,3,2,1,yes,no,no,no,yes,1,no,unfurnished,6.0,1.9
3242000,4089,2,2,2,yes,no,no,no,no,2,no,unfurnished,10.0,3.6
5288000,6450,4,3,4,yes,yes,yes,no,yes,2,no,unfurnished,3.0,17.0
4929000,7261,2,1,2,yes,no,no,no,no,1,yes,semi-furnished,1.0,1.1
4379000,7159,4,2,2,yes,no,no,no,yes,1,no,unfurnished,34.0,1.0
4737000,8116,2,1,3,yes,yes,yes,no,no,0,yes,unfurnished,2.0,5.4
4402000,7058,2,1,2,yes,no,,no,no,1,yes,semi-furnished,,2.6
4302000,6273,5,3,2,yes,no,no,no,no,2,no,unfurnished,8.0,6.7
5167000,7854,2,3,2,yes,yes,yes,no,no,1,yes,unfurnished,8.0,4.8
3186000,5442,4,2,3,no,no,yes,no,no,2,no,semi-furnished,0.0,4.6
2960000,3560,3,2,1,yes,yes,yes,no,no,1,no,unfurnished,2.0,1.0
3007000,5141,2,2,2,yes,no,no,no,yes,0,no,semi-furnished,6.0,1.2
2555000,3861,6,1,2,no,no,no,no,no,1,no,semi-furnished,14.0,13.8
3422000,4015,2,1,3,yes,no,yes,no,yes,1,no,furnished,3.0,17.4
4031000,5182,5,1,2,yes,yes,no,no,no,1,yes,semi-furnished,7.0,2.1
2901000,3757,2,1,3,yes,yes,no,no,no,0,no,semi-furnished,10.0,1.0
4282000,4822,5,3,3,no,yes,yes,no,yes,1,no,furnished,26.0,0.4
2024000,1334,1,1,1,yes,yes,,no,no,0,yes,unfurnished,,
3735000,5969,3,1,2,yes,no,no,no,yes,0,no,furnished,2.0,10.1
2993000,5503,4,2,1,yes,no,no,no,no,1,no,furnished,8.0,3.7
3911000,3702,5,3,1,no,no,yes,no,yes,1,yes,semi-furnished,16.0,9.1
3563000,6950,5,1,2,yes,no,no,no,no,3,no,semi-furnished,1.0,10.0
3903000,7563,4,1,3,no,no,no,yes,yes,1,no,semi-furnished,7.0,21.9
3223000,1963,5,2,3,yes,no,no,no,yes,2,yes,semi-furnished,0.0,0.5
2700000,3822,2,2,1,yes,no,no,no,no,1,yes,semi-furnished,0.0,1.7
3561000,3808,3,2,1,yes,yes,yes,yes,yes,2,no,furnished,8.0,0.6
2544000,3432,3,3,2,yes,no,no,no,no,1,no,semi-furnished,4.0,16.2
4429000,7325,3,4,2,yes,no,no,no,no,3,yes,unfurnished,22.0,12.6
4265000,5074,3,3,1,no,no,yes,no,yes,1,no,furnished,11.0,6.8
3310000,4918,3,2,3,yes,no,yes,no,no,2,no,unfurnished,7.0,0.7
1587000,1092,2,2,3,no,no,yes,yes,yes,1,no,furnished,6.0,2.6
4240000,6898,4,1,2,yes,yes,no,no,yes,0,no,semi-furnished,8.0,2.8
2999000,2774,2,4,3,yes,yes,no,no,yes,2,no,semi-furnished,0.0,6.6
3013000,5632,3,2,2,yes,no,no,no,no,0,no,unfurnished,27.0,2.4
4137000,6110,3,1,2,yes,no,yes,yes,yes,1,no,semi-furnished,77.0,0.6
4430000,8493,4,2,2,yes,no,no,no,no,0,no,unfurnished,2.0,10.5
2420000,2621,4,1,1,yes,no,no,no,no,2,yes,semi-furnished,2.0,2.8
2949000,700,4,2,3,yes,no,yes,no,yes,3,no,furnished,2.0,4.8
3939000,5904,2,2,2,yes,no,yes,no,no,1,no,unfurnished,13.0,1.1
5406000,9461,3,2,2,yes,yes,yes,no,no,2,no,semi-furnished,13.0,13.0
3920000,8226,2,3,2,no,yes,no,no,yes,1,no,furnished,23.0,6.7
3163000,5961,3,1,1,yes,yes,no,no,yes,1,no,semi-furnished,17.0,18.5
3532000,4418,3,2,1,yes,no,no,no,no,3,yes,semi-furnished,7.0,5.5
3906000,7276,1,2,2,yes,no,yes,no,no,2,no,furnished,11.0,22.7
2678000,3358,3,2,2,yes,yes,no,no,no,2,no,semi-furnished,14.0,17.8
4715000,6548,6,3,1,yes,yes,no,yes,yes,1,no,semi-furnished,9.0,6.9
3880000,6612,6,2,2,no,no,no,no,yes,1,no,semi-furnished,8.0,21.7
5290000,7832,3,2,2,yes,no,yes,no,no,0,no,furnished,12.0,3.1
5356000,11571,1,1,2,yes,no,no,no,yes,1,no,unfurnished,10.0,3.6
4880000,6363,2,4,2,yes,no,no,no,no,1,yes,furnished,12.0,0.4
4097000,4380,3,2,3,yes,yes,yes,no,yes,2,yes,unfurnished,11.0,7.1
3904000,5444,5,2,2,yes,no,,no,no,2,no,unfurnished,,
2254000,1608,2,1,2,yes,yes,no,no,no,1,yes,furnished,12.0,11.9
2776000,3972,4,1,1,yes,no,no,no,yes,0,no,furnished,9.0,1.3
2955000,4600,2,2,1,no,no,no,no,yes,2,yes,furnished,14.0,4.7
4491000,4347,6,3,1,yes,no,yes,no,no,0,yes,furnished,7.0,1.6
4204000,5835,3,2,2,yes,no,no,no,yes,2,no,furnished,3.0,8.7
3328000,3691,4,3,1,yes,no,no,no,no,0,no,unfurnished,0.0,1.4
4341000,7966,3,2,1,yes,no,no,no,no,1,no,semi-furnished,10.0,18.8
3966000,5500,4,2,3,yes,no,no,no,yes,3,no,semi-furnished,11.0,2.1
3966000,5480,2,1,1,yes,no,no,no,yes,0,yes,furnished,43.0,2.8
3231000,4779,2,3,1,no,yes,yes,no,no,1,no,unfurnished,5.0,15.2
4395000,5841,5,1,1,yes,no,no,no,no,1,yes,furnished,6.0,4.9
6151000,7315,5,3,3,yes,no,no,no,yes,3,no,semi-furnished,3.0,0.3
4209000,3592,5,3,1,yes,no,no,no,no,2,no,furnished,1.0,5.5
3913000,4052,4,4,2,yes,no,no,no,no,0,no,furnished,18.0,0.7
3384000,4832,4,2,2,no,no,no,no,no,0,yes,unfurnished,3.0,33.8
2612000,2539,2,2,2,no,no,no,no,yes,2,no,unfurnished,11.0,7.1
3361000,3698,3,3,2,no,no,yes,no,yes,1,yes,unfurnished,14.0,2.4
2990000,4452,3,1,3,yes,yes,no,no,no,2,no,semi-furnished,8.0,6.6
4486000,7424,4,2,1,yes,yes,yes,no,no,0,no,unfurnished,25.0,0.6
2900000,6078,3,1,1,yes,no,no,no,no,0,no,semi-furnished,7.0,12.9
3776000,5926,2,2,1,yes,no,no,no,yes,2,no,semi-furnished,4.0,20.8
3864000,7372,3,1,1,yes,no,yes,no,no,0,no,furnished,27.0,16.6
2802000,5198,4,1,1,no,no,no,no,no,2,no,furnished,24.0,3.3
4117000,6359,3,2,1,yes,no,no,yes,yes,0,no,semi-furnished,2.0,3.2
3779000,5273,2,2,2,no,no,no,no,yes,0,no,semi-furnished,0.0,0.3
3479000,6084,2,2,2,no,no,no,no,no,3,no,semi-furnished,1.0,8.4
2977000,4218,2,1,2,no,no,no,no,no,1,yes,furnished,4.0,6.1
1983000,700,3,2,2,yes,no,no,no,yes,2,no,unfurnished,43.0,4.9
3316000,5205,4,1,1,yes,yes,yes,no,no,0,no,unfurnished,10.0,19.1
5294000,8630,4,2,1,yes,yes,yes,no,no,2,yes,semi-furnished,6.0,1.5
4484000,7538,4,2,2,yes,no,no,no,no,2,no,unfurnished,26.0,0.3
3654000,7624,3,2,1,yes,no,no,no,no,1,no,unfurnished,7.0,0.6
4466000,8219,4,2,1,yes,yes,yes,no,no,2,no,unfurnished,5.0,2.0
3378000,5695,2,1,2,yes,yes,no,no,yes,2,no,semi-furnished,34.0,0.3
4266000,5934,3,3,3,yes,no,no,no,yes,1,no,unfurnished,23.0,5.6
3352000,4141,4,2,2,yes,no,no,no,no,1,no,furnished,22.0,3.0
3230000,4805,2,2,1,no,yes,yes,no,yes,1,no,semi-furnished,9.0,1.6
4398000,6855,2,2,3,yes,yes,no,no,no,0,yes,unfurnished,19.0,11.1
4702000,8149,5,1,2,yes,no,no,no,no,1,no,unfurnished,2.0,1.8
3695000,5193,3,2,2,yes,no,no,no,yes,1,no,furnished,10.0,9.3
3298000,4510,4,2,3,yes,yes,no,no,no,1,yes,unfurnished,50.0,3.4
2742000,5501,1,1,2,yes,no,no,no,no,2,no,semi-furnished,4.0,5.7
3494000,6823,4,1,1,yes,no,no,no,yes,1,no,furnished,19.0,21.7
2129000,2324,3,1,2,no,no,no,no,no,3,no,semi-furnished,8.0,0.3
1574000,700,2,3,2,yes,no,yes,no,no,1,no,unfurnished,0.0,5.5
2837000,4289,4,2,2,yes,no,no,no,no,1,no,unfurnished,17.0,15.4
2060000,2814,2,1,2,yes,no,no,no,no,2,no,unfurnished,2.0,7.1
4407000,4382,3,2,3,yes,no,no,no,yes,1,yes,furnished,12.0,2.6
4633000,5175,2,2,3,yes,yes,no,no,yes,1,yes,furnished,1.0,4.1
3475000,4503,2,3,3,yes,no,no,no,yes,0,no,furnished,35.0,9.1
4789000,8695,3,1,3,no,no,no,no,no,1,no,furnished,4.0,17.7
3539000,6219,2,1,3,yes,no,no,no,yes,1,yes,semi-furnished,3.0,0.3
5599000,6161,5,3,1,yes,yes,yes,no,yes,3,no,semi-furnished,2.0,0.6
3521000,6869,1,1,1,yes,no,no,no,no,1,no,furnished,35.0,3.1
2943000,2995,3,1,2,yes,yes,yes,no,yes,2,no,unfurnished,15.0,2.1
4905000,7786,2,4,3,yes,no,yes,no,yes,2,no,semi-furnished,16.0,2.5
3339000,5333,3,2,2,yes,yes,no,no,no,1,no,unfurnished,8.0,2.0
4748000,6975,5,1,2,yes,no,no,no,yes,1,no,semi-furnished,8.0,1.7
2487000,3142,2,1,1,yes,no,no,no,no,2,no,semi-furnished,1.0,1.1
2922000,2082,6,1,1,yes,no,no,no,yes,2,no,semi-furnished,10.0,21.7
3935000,7299,2,1,2,yes,yes,no,no,yes,0,no,semi-furnished,3.0,1.2
3731000,6328,4,3,1,yes,no,yes,no,no,1,no,semi-furnished,45.0,1.8
3395000,3515,3,2,2,yes,no,yes,no,no,1,yes,semi-furnished,19.0,2.3
2983000,3587,5,2,1,yes,no,no,no,no,0,no,unfurnished,6.0,21.6
4412000,7976,3,3,1,yes,yes,no,no,no,1,no,unfurnished,2.0,11.3
3567000,2883,3,2,2,yes,yes,no,no,no,2,yes,semi-furnished,18.0,12.5
5051000,9114,2,1,2,yes,no,,no,no,1,yes,furnished,,
2510000,3519,2,2,2,yes,no,no,no,no,2,no,unfurnished,3.0,14.5
5340000,6904,5,3,1,yes,yes,no,yes,no,2,yes,unfurnished,3.0,4.2
4164000,4777,3,3,3,yes,no,yes,no,no,1,no,semi-furnished,10.0,2.4
3112000,6827,3,1,2,no,no,no,no,yes,0,no,unfurnished,19.0,6.9
3683000,4303,4,2,2,yes,yes,yes,no,no,2,yes,furnished,5.0,13.8
3634000,5142,3,2,2,yes,no,no,yes,no,2,no,furnished,1.0,12.1
5091000,5590,6,3,1,no,no,no,no,no,2,no,furnished,7.0,17.7
3155000,3295,4,1,3,no,no,yes,no,yes,0,yes,furnished,17.0,21.1
4907000,7130,3,2,2,yes,no,yes,no,yes,0,yes,semi-furnished,3.0,2.2
4299000,4371,5,3,2,yes,no,no,no,yes,0,no,furnished,3.0,4.4
3081000,4997,1,2,1,yes,yes,no,no,no,1,no,unfurnished,35.0,0.3
3460000,3312,3,2,3,yes,yes,yes,yes,yes,2,no,semi-furnished,37.0,16.9
2219000,700,3,1,3,yes,yes,no,no,yes,0,no,semi-furnished,56.0,1.3
2888000,5080,2,1,1,no,no,no,no,yes,2,yes,furnished,20.0,15.8
5642000,10808,4,1,1,yes,no,no,no,yes,1,yes,semi-furnished,3.0,3.2
6088000,7226,5,4,3,yes,no,no,no,no,2,yes,furnished,3.0,3.7
3641000,5458,3,1,2,yes,yes,yes,no,no,3,no,unfurnished,5.0,0.3
3283000,4922,3,2,3,yes,no,no,yes,yes,0,no,unfurnished,5.0,3.2
3514000,5549,6,2,2,yes,no,no,no,no,3,no,semi-furnished,38.0,17.5
3815000,6704,3,1,2,yes,no,no,no,yes,0,no,furnished,19.0,0.3
2735000,2902,3,2,2,yes,no,no,no,yes,1,no,unfurnished,15.0,4.2
4515000,7952,3,2,1,yes,no,no,no,no,2,no,semi-furnished,2.0,0.3
4653000,7074,5,3,2,no,no,yes,no,no,3,no,furnished,29.0,3.7
4661000,7080,3,2,4,no,yes,no,no,no,1,yes,semi-furnished,21.0,1.5
3650000,6465,4,2,1,yes,no,no,no,no,1,no,unfurnished,2.0,2.3
3718000,5543,4,1,2,no,no,yes,no,no,2,no,semi-furnished,25.0,16.8
5671000,6980,3,4,2,yes,no,no,no,yes,2,no,unfurnished,4.0,4.6
4327000,6802,3,1,2,yes,yes,yes,no,yes,0,no,furnished,1.0,2.6
4359000,4721,4,3,3,yes,no,no,no,yes,2,no,furnished,13.0,7.1
3087000,4238,3,1,3,yes,yes,no,no,no,1,no,unfurnished,13.0,1.2
4586000,5724,4,4,1,yes,no,no,no,yes,1,no,furnished,1.0,2.4
5841000,8908,5,2,4,yes,no,no,no,yes,1,no,semi-furnished,5.0,6.3
3695000,2774,4,3,3,yes,no,no,yes,no,1,yes,furnished,59.0,2.2
2729000,2271,4,1,3,yes,yes,no,no,yes,3,no,semi-furnished,14.0,9.1
4560000,5862,4,2,2,yes,no,no,no,yes,1,no,semi-furnished,16.0,5.4
4189000,5612,4,2,3,yes,no,no,no,yes,3,no,unfurnished,3.0,11.8
3666000,5881,3,3,1,yes,yes,no,no,yes,0,no,unfurnished,1.0,23.7
3751000,6037,2,1,1,no,no,no,no,no,2,no,unfurnished,4.0,1.0
3944000,5009,3,4,3,yes,yes,no,no,no,2,no,unfurnished,3.0,3.3
5280000,8778,4,3,1,yes,no,no,no,yes,2,no,unfurnished,3.0,3.1
2669000,1978,3,1,1,yes,no,no,no,yes,2,yes,unfurnished,3.0,1.3
3102000,3677,4,3,3,yes,no,no,no,no,1,no,unfurnished,10.0,13.3
3867000,5273,3,2,3,yes,no,yes,no,no,2,no,semi-furnished,5.0,11.4
1982000,1885,4,2,1,yes,no,no,no,no,2,no,semi-furnished,21.0,5.3
3690000,5113,2,1,3,yes,no,no,yes,no,0,yes,unfurnished,2.0,6.2
5090000,9155,4,2,2,yes,yes,no,no,yes,2,no,furnished,7.0,0.5
2991000,5546,3,2,2,yes,no,no,no,no,1,no,unfurnished,0.0,6.5
4193000,6008,2,2,3,yes,no,no,no,no,1,no,semi-furnished,8.0,12.5
2460000,2728,3,2,2,yes,no,no,no,yes,2,no,semi-furnished,1.0,6.8
2105000,4144,4,2,1,yes,no,no,no,no,1,no,unfurnished,46.0,2.5
3041000,4675,3,2,1,yes,yes,no,no,yes,2,no,semi-furnished,19.0,8.8
3673000,4801,2,1,2,yes,no,no,no,yes,1,no,unfurnished,8.0,3.6
4818000,8320,6,3,2,no,no,yes,no,no,0,yes,unfurnished,1.0,6.3
3924000,6727,4,2,3,yes,no,yes,no,no,1,no,unfurnished,11.0,5.3
3134000,3055,6,1,3,yes,yes,yes,no,yes,0,no,furnished,17.0,3.8
3754000,6042,3,1,2,yes,no,no,no,yes,2,no,semi-furnished,3.0,10.2
4015000,6596,3,2,3,yes,yes,yes,no,no,1,no,semi-furnished,10.0,17.2
4742000,8008,5,3,1,no,no,no,yes,yes,1,no,unfurnished,20.0,0.3
5085000,8977,3,2,1,yes,no,no,no,no,0,no,furnished,18.0,21.7
2636000,3267,4,2,3,yes,no,no,no,no,1,no,furnished,19.0,5.7
3035000,3716,3,1,1,no,no,yes,yes,no,2,yes,furnished,25.0,9.7
2127000,2733,3,2,1,no,no,yes,no,no,0,no,semi-furnished,33.0,15.5
3764000,4985,2,4,2,yes,no,yes,no,no,2,yes,unfurnished,6.0,5.0
4688000,6526,2,3,2,yes,no,no,no,no,3,yes,furnished,10.0,14.4
4170000,7672,1,1,3,yes,no,no,no,yes,2,no,furnished,19.0,1.6
3422000,5333,1,2,1,yes,no,no,no,no,2,yes,unfurnished,14.0,1.4
3361000,4796,6,1,1,no,no,no,no,yes,0,yes,unfurnished,65.0,8.6
2688000,5834,2,2,1,yes,no,no,no,yes,1,no,unfurnished,0.0,16.3
4131000,3663,4,3,2,yes,yes,yes,no,yes,2,no,unfurnished,5.0,17.8
6917000,10097,4,3,2,yes,no,no,no,no,2,yes,furnished,4.0,8.3
2733000,1963,3,1,2,yes,no,no,no,yes,2,yes,semi-furnished,4.0,6.0
3999000,5906,2,3,3,yes,yes,no,no,no,2,yes,unfurnished,3.0,3.2
5710000,9952,4,2,3,yes,no,yes,no,no,1,no,unfurnished,15.0,31.3
4479000,5515,4,2,1,yes,no,no,no,yes,0,no,semi-furnished,1.0,3.1
3506000,5082,4,2,2,yes,no,yes,no,no,2,no,unfurnished,16.0,10.9
3526000,4714,4,2,2,no,yes,no,no,no,2,yes,unfurnished,14.0,6.1
3984000,5103,6,2,3,yes,no,no,no,no,1,no,semi-furnished,3.0,7.5
4874000,8520,3,2,4,yes,yes,no,no,yes,2,no,furnished,3.0,4.0
1358000,700,3,2,1,yes,yes,no,no,no,1,no,unfurnished,12.0,26.8
5292000,8874,4,1,2,yes,no,yes,no,no,1,no,unfurnished,17.0,6.8
2503000,2367,2,3,2,yes,yes,no,no,yes,2,no,unfurnished,25.0,22.2
3919000,4913,5,2,1,yes,no,yes,no,yes,2,yes,unfurnished,23.0,0.3
2757000,4556,2,1,1,yes,yes,no,no,no,1,no,semi-furnished,40.0,6.8
4391000,6795,3,3,2,yes,no,no,no,no,0,yes,furnished,10.0,10.1
3052000,1984,4,4,2,yes,no,no,no,yes,0,no,furnished,29.0,10.9
3778000,6517,3,4,1,yes,no,no,no,yes,2,no,unfurnished,20.0,18.8
4496000,9953,3,2,2,no,no,no,no,no,1,no,semi-furnished,27.0,0.3
2921000,2501,3,1,1,yes,no,no,no,yes,2,no,furnished,0.0,0.3
4250000,5917,5,2,2,no,no,yes,no,no,3,yes,unfurnished,41.0,5.1
2765000,4044,3,1,1,yes,no,no,no,yes,2,no,semi-furnished,8.0,0.3
4535000,6437,5,4,1,yes,no,no,no,no,1,yes,unfurnished,19.0,29.4
3353000,5542,2,1,2,yes,no,no,no,yes,2,no,semi-furnished,2.0,2.0
2684000,4089,4,1,1,yes,no,no,no,no,1,no,furnished,6.0,5.1
4494000,6573,4,2,2,yes,no,no,no,no,0,no,semi-furnished,4.0,0.5
